0.399518000000000;0.242536000000000;-9.77736800000000
0.421348000000000;0.240341000000000;-9.77955100000000
0.406441000000000;0.257448000000000;-9.77949500000000
0.417995000000000;0.225671000000000;-9.76911500000000
0.403544000000000;0.265649000000000;-9.77522000000000
0.425279000000000;0.227467000000000;-9.76653600000000
0.421517000000000;0.270235000000000;-9.76520300000000
0.400582000000000;0.247120000000000;-9.79374500000000
0.441578000000000;0.261492000000000;-9.77061100000000
0.400354000000000;0.265299000000000;-9.77176600000000
0.417903000000000;0.259171000000000;-9.79077600000000
0.426869000000000;0.246437000000000;-9.77290000000000
0.410630000000000;0.250818000000000;-9.78131600000000
0.414535000000000;0.230849000000000;-9.79474400000000
0.428676000000000;0.248970000000000;-9.77645200000000
0.424843000000000;0.241808000000000;-9.77889200000000
0.404493000000000;0.247602000000000;-9.76172900000000
0.429482000000000;0.252495000000000;-9.78571300000000
0.390074000000000;0.246811000000000;-9.77119500000000
0.421683000000000;0.250562000000000;-9.75430100000000
0.421084000000000;0.279598000000000;-9.79384200000000
0.407273000000000;0.249214000000000;-9.76869700000000
0.428959000000000;0.249111000000000;-9.78016700000000
0.442119000000000;0.253586000000000;-9.78313000000000
0.409639000000000;0.257195000000000;-9.80074000000000
0.395372000000000;0.259115000000000;-9.76182300000000
0.418806000000000;0.237904000000000;-9.76713800000000
0.418814000000000;0.262646000000000;-9.76468800000000
0.423921000000000;0.254728000000000;-9.76502800000000
0.422487000000000;0.237065000000000;-9.77205600000000
0.434047000000000;0.250549000000000;-9.80637300000000
0.446871000000000;0.228951000000000;-9.80439800000000
0.419908000000000;0.254917000000000;-9.76440000000000
0.436248000000000;0.242650000000000;-9.75582200000000
0.419913000000000;0.262196000000000;-9.75233400000000
0.423737000000000;0.242959000000000;-9.77995900000000
0.427941000000000;0.262106000000000;-9.76217300000000
0.426698000000000;0.237590000000000;-9.75736900000000
0.441503000000000;0.264525000000000;-9.76309100000000
0.423962000000000;0.234617000000000;-9.77873100000000
0.423202000000000;0.235669000000000;-9.77342200000000
0.444548000000000;0.263236000000000;-9.78526900000000
0.421647000000000;0.238104000000000;-9.76967100000000
0.458419000000000;0.234257000000000;-9.75856200000000
0.420776000000000;0.256839000000000;-9.76276900000000
0.424330000000000;0.252160000000000;-9.75386300000000
0.429671000000000;0.263630000000000;-9.77970200000000
0.417696000000000;0.271037000000000;-9.78240500000000
0.415123000000000;0.270056000000000;-9.78301000000000
0.418295000000000;0.235450000000000;-9.75411200000000
0.417492000000000;0.268911000000000;-9.74567200000000
0.420229000000000;0.269236000000000;-9.76576700000000
0.433577000000000;0.243068000000000;-9.78408600000000
0.423655000000000;0.286460000000000;-9.77358200000000
0.428424000000000;0.263810000000000;-9.77544200000000
0.431260000000000;0.243042000000000;-9.75637100000000
0.371498000000000;0.187078000000000;-9.74083100000000
0.400564000000000;0.229484000000000;-9.78044800000000
0.397131000000000;0.232033000000000;-9.72617700000000
0.402285000000000;0.274839000000000;-9.74929300000000
0.407627000000000;0.267502000000000;-9.76664200000000
0.406982000000000;0.286085000000000;-9.79284200000000
0.420117000000000;0.248102000000000;-9.78219900000000
0.428402000000000;0.278444000000000;-9.78156900000000
0.391068000000000;0.259927000000000;-9.76222200000000
0.434315000000000;0.254265000000000;-9.76291800000000
0.426146000000000;0.265068000000000;-9.76710300000000
0.429527000000000;0.248246000000000;-9.78006300000000
0.421831000000000;0.279369000000000;-9.78849600000000
0.422448000000000;0.249989000000000;-9.78462800000000
0.429090000000000;0.251092000000000;-9.77162000000000
0.448202000000000;0.248330000000000;-9.75852400000000
0.431058000000000;0.225884000000000;-9.74526200000000
0.407652000000000;0.271695000000000;-9.76877300000000
0.429595000000000;0.238613000000000;-9.76319800000000
0.416670000000000;0.272642000000000;-9.75874600000000
0.423695000000000;0.277069000000000;-9.77261700000000
0.434528000000000;0.252090000000000;-9.76763000000000
0.418048000000000;0.274076000000000;-9.77587400000000
0.419272000000000;0.260925000000000;-9.77295200000000
0.410813000000000;0.242192000000000;-9.76954500000000
0.426865000000000;0.269057000000000;-9.76939800000000
0.422431000000000;0.241589000000000;-9.78485100000000
0.435977000000000;0.248100000000000;-9.77366800000000
0.415224000000000;0.261323000000000;-9.76936900000000
0.414862000000000;0.246978000000000;-9.78005200000000
0.441112000000000;0.250292000000000;-9.77150500000000
0.427432000000000;0.243515000000000;-9.78507400000000
0.413064000000000;0.256308000000000;-9.75963400000000
0.407713000000000;0.257701000000000;-9.78602500000000
0.425327000000000;0.240577000000000;-9.78320400000000
0.421924000000000;0.254119000000000;-9.76594300000000
0.409663000000000;0.249579000000000;-9.77471300000000
0.416432000000000;0.259318000000000;-9.76929800000000
0.403805000000000;0.259127000000000;-9.78302300000000
0.436250000000000;0.240719000000000;-9.76694400000000
0.413434000000000;0.256674000000000;-9.79029800000000
0.413077000000000;0.243408000000000;-9.78712700000000
0.423995000000000;0.278824000000000;-9.77127400000000
0.429707000000000;0.247191000000000;-9.75486700000000
0.427266000000000;0.251690000000000;-9.77036400000000
0.422431000000000;0.259010000000000;-9.77609600000000
0.407333000000000;0.258187000000000;-9.76861700000000
0.412486000000000;0.246928000000000;-9.77772500000000
0.417678000000000;0.247397000000000;-9.78096900000000
0.407656000000000;0.265366000000000;-9.75257200000000
0.419973000000000;0.242055000000000;-9.76814300000000
0.417973000000000;0.259818000000000;-9.76259700000000
0.430629000000000;0.243378000000000;-9.76091600000000
0.423718000000000;0.267861000000000;-9.76074400000000
0.426501000000000;0.262608000000000;-9.76032200000000
0.408746000000000;0.266995000000000;-9.77436900000000
0.415781000000000;0.282983000000000;-9.78769200000000
0.434132000000000;0.244619000000000;-9.78334000000000
0.415067000000000;0.253849000000000;-9.78308400000000
0.416350000000000;0.261860000000000;-9.78244700000000
0.420079000000000;0.251828000000000;-9.77313200000000
0.422942000000000;0.240771000000000;-9.77315500000000
0.411276000000000;0.263285000000000;-9.76993200000000
0.406223000000000;0.255388000000000;-9.76891200000000
0.424674000000000;0.274200000000000;-9.76530800000000
0.418879000000000;0.259825000000000;-9.76087100000000
0.407695000000000;0.252412000000000;-9.78670000000000
0.420327000000000;0.244794000000000;-9.75769000000000
0.433677000000000;0.247613000000000;-9.76975800000000
0.425915000000000;0.261062000000000;-9.75990300000000
0.428907000000000;0.282763000000000;-9.77746200000000
0.444035000000000;0.228773000000000;-9.76643700000000
0.413870000000000;0.259512000000000;-9.76002000000000
0.416714000000000;0.268379000000000;-9.78111000000000
0.408346000000000;0.258391000000000;-9.78340000000000
0.430448000000000;0.251244000000000;-9.76628300000000
0.415788000000000;0.254513000000000;-9.76640800000000
0.428064000000000;0.260131000000000;-9.77819700000000
0.411957000000000;0.254657000000000;-9.76744100000000
0.412918000000000;0.259492000000000;-9.76386700000000
0.417024000000000;0.251680000000000;-9.77600000000000
0.435048000000000;0.261007000000000;-9.78065800000000
0.414852000000000;0.259584000000000;-9.74272700000000
0.434587000000000;0.262421000000000;-9.76760500000000
0.423777000000000;0.254277000000000;-9.77870500000000
0.418739000000000;0.256228000000000;-9.77252600000000
0.420158000000000;0.248782000000000;-9.78597500000000
0.414146000000000;0.242469000000000;-9.78109200000000
0.405846000000000;0.247459000000000;-9.76695700000000
0.426919000000000;0.261141000000000;-9.76706200000000
0.426758000000000;0.263270000000000;-9.78829500000000
0.425585000000000;0.235878000000000;-9.76437600000000
0.438422000000000;0.250740000000000;-9.76228600000000
0.426097000000000;0.256184000000000;-9.78108400000000
0.424171000000000;0.234688000000000;-9.77735200000000
0.405431000000000;0.255713000000000;-9.77192200000000
0.421483000000000;0.266197000000000;-9.77572700000000
0.434003000000000;0.250752000000000;-9.78239900000000
0.419300000000000;0.235049000000000;-9.79299400000000
0.432619000000000;0.250654000000000;-9.77375400000000
0.432722000000000;0.256387000000000;-9.77197700000000
0.424231000000000;0.273087000000000;-9.75520600000000
0.429852000000000;0.224942000000000;-9.75982600000000
0.421062000000000;0.261945000000000;-9.76959100000000
0.423041000000000;0.266082000000000;-9.75470700000000
0.417222000000000;0.253821000000000;-9.78595200000000
0.412541000000000;0.246920000000000;-9.79149100000000
0.408949000000000;0.258752000000000;-9.78080000000000
0.427261000000000;0.261813000000000;-9.76611000000000
0.421171000000000;0.251958000000000;-9.75843500000000
0.428127000000000;0.248030000000000;-9.77419600000000
0.388028000000000;0.287891000000000;-9.77076500000000
0.375384000000000;0.237717000000000;-9.77710000000000
0.359472000000000;0.266479000000000;-9.68968100000000
0.388022000000000;0.253799000000000;-9.80615000000000
0.395785000000000;0.262451000000000;-9.79742600000000
0.432748000000000;0.273338000000000;-9.76420300000000
0.403666000000000;0.294577000000000;-9.75332300000000
0.402300000000000;0.241799000000000;-9.75733200000000
0.434298000000000;0.255864000000000;-9.75734700000000
0.409636000000000;0.270106000000000;-9.78092200000000
0.433237000000000;0.245034000000000;-9.75940200000000
0.411795000000000;0.261726000000000;-9.75205800000000
0.412457000000000;0.251019000000000;-9.76180200000000
0.418230000000000;0.230065000000000;-9.77015400000000
0.421206000000000;0.241887000000000;-9.76450300000000
0.441987000000000;0.236321000000000;-9.77744600000000
0.415838000000000;0.271621000000000;-9.77967500000000
0.419264000000000;0.240836000000000;-9.76722100000000
0.422562000000000;0.253733000000000;-9.77272300000000
0.426440000000000;0.246168000000000;-9.76453000000000
0.421718000000000;0.256833000000000;-9.75161700000000
0.423854000000000;0.241834000000000;-9.79222200000000
0.422638000000000;0.253618000000000;-9.77777900000000
0.436265000000000;0.235661000000000;-9.77465400000000
0.415030000000000;0.231529000000000;-9.77676600000000
0.429280000000000;0.250478000000000;-9.77749300000000
0.419545000000000;0.231606000000000;-9.76785500000000
0.426985000000000;0.263694000000000;-9.75839300000000
0.409015000000000;0.273729000000000;-9.77675300000000
0.411976000000000;0.227599000000000;-9.77260000000000
0.417099000000000;0.239913000000000;-9.76463100000000
0.442002000000000;0.265271000000000;-9.78206900000000
0.424177000000000;0.259227000000000;-9.77475900000000
0.429188000000000;0.234887000000000;-9.76785400000000
0.435621000000000;0.247580000000000;-9.76218400000000
0.424345000000000;0.233840000000000;-9.76689400000000
0.434361000000000;0.225049000000000;-9.77562400000000
0.413007000000000;0.238499000000000;-9.77370400000000
0.403952000000000;0.248887000000000;-9.76345800000000
0.420283000000000;0.244165000000000;-9.77183800000000
0.436216000000000;0.258625000000000;-9.76960100000000
0.420014000000000;0.247481000000000;-9.78482400000000
0.429444000000000;0.257805000000000;-9.78051100000000
0.411637000000000;0.258339000000000;-9.77537800000000
0.400361000000000;0.247833000000000;-9.76634200000000
0.410718000000000;0.256559000000000;-9.78456600000000
0.430474000000000;0.252146000000000;-9.76699000000000
0.427609000000000;0.259918000000000;-9.77582500000000
0.422267000000000;0.248380000000000;-9.77124800000000
0.401225000000000;0.310699000000000;-9.84085900000000
0.428312000000000;0.238563000000000;-9.79975200000000
0.412055000000000;0.233953000000000;-9.77562300000000
0.442578000000000;0.253586000000000;-9.77339000000000
0.418013000000000;0.244785000000000;-9.80035600000000
0.399378000000000;0.277679000000000;-9.78844500000000
0.414024000000000;0.259401000000000;-9.79538200000000
0.428266000000000;0.261388000000000;-9.76164900000000
0.421104000000000;0.280610000000000;-9.77570300000000
0.429188000000000;0.240187000000000;-9.74705500000000
0.409575000000000;0.277375000000000;-9.77689500000000
0.424618000000000;0.257059000000000;-9.78310000000000
0.413025000000000;0.253180000000000;-9.76656700000000
0.420225000000000;0.270088000000000;-9.76320300000000
0.428039000000000;0.249394000000000;-9.76205800000000
0.432692000000000;0.240579000000000;-9.76803900000000
0.402962000000000;0.258205000000000;-9.78469900000000
0.413701000000000;0.240085000000000;-9.78107600000000
0.421994000000000;0.257424000000000;-9.77175300000000
0.443945000000000;0.252689000000000;-9.76720700000000
0.416473000000000;0.246575000000000;-9.77446400000000
0.432414000000000;0.279096000000000;-9.76558900000000
0.402141000000000;0.244594000000000;-9.74369000000000
0.415862000000000;0.252582000000000;-9.76421600000000
0.420071000000000;0.262121000000000;-9.78867500000000
0.416216000000000;0.255794000000000;-9.77369400000000
0.413376000000000;0.243438000000000;-9.81455400000000
0.418611000000000;0.246354000000000;-9.76470500000000
0.419442000000000;0.264095000000000;-9.77592600000000
0.417745000000000;0.258898000000000;-9.78549800000000
0.403525000000000;0.256810000000000;-9.77218800000000
0.416135000000000;0.239520000000000;-9.76815700000000
0.419474000000000;0.247341000000000;-9.78017300000000
0.448989000000000;0.224498000000000;-9.77819200000000
0.438612000000000;0.238485000000000;-9.79328100000000
0.405567000000000;0.262930000000000;-9.78281300000000
0.395025000000000;0.210358000000000;-9.77740500000000
0.448269000000000;0.270109000000000;-9.75389100000000
0.418199000000000;0.260364000000000;-9.76548500000000
0.410886000000000;0.260954000000000;-9.80557300000000
0.410465000000000;0.258452000000000;-9.76266100000000
0.404920000000000;0.278545000000000;-9.74333000000000
0.425777000000000;0.256566000000000;-9.76342000000000
0.420830000000000;0.236515000000000;-9.76631600000000
0.427377000000000;0.245055000000000;-9.81098700000000
0.422495000000000;0.276757000000000;-9.75751700000000
0.409786000000000;0.241379000000000;-9.76257900000000
0.397528000000000;0.250679000000000;-9.82194100000000
0.416074000000000;0.272738000000000;-9.77030600000000
0.418584000000000;0.232765000000000;-9.77334900000000
0.407007000000000;0.238720000000000;-9.75800200000000
0.398803000000000;0.239468000000000;-9.78438500000000
0.409609000000000;0.245373000000000;-9.72855600000000
0.404836000000000;0.271759000000000;-9.78385700000000
0.408582000000000;0.234001000000000;-9.74521300000000
0.443486000000000;0.248353000000000;-9.76246200000000
0.423828000000000;0.258406000000000;-9.76644600000000
0.419622000000000;0.259736000000000;-9.78279700000000
0.396623000000000;0.263032000000000;-9.77366200000000
0.421342000000000;0.262161000000000;-9.76229000000000
0.399973000000000;0.273602000000000;-9.81580800000000
0.415505000000000;0.272916000000000;-9.78355100000000
0.458904000000000;0.221512000000000;-9.77585900000000
0.420443000000000;0.222645000000000;-9.76555800000000
0.412600000000000;0.271232000000000;-9.75610300000000
0.415946000000000;0.250999000000000;-9.78771100000000
0.416761000000000;0.264319000000000;-9.76146700000000
0.409496000000000;0.228492000000000;-9.79223300000000
0.402847000000000;0.257023000000000;-9.77664000000000
0.407187000000000;0.252422000000000;-9.76188100000000
0.411680000000000;0.263200000000000;-9.77426500000000
0.426669000000000;0.231673000000000;-9.76601500000000
0.425887000000000;0.265712000000000;-9.76663100000000
0.402928000000000;0.257045000000000;-9.77136100000000
0.426447000000000;0.261812000000000;-9.78584700000000
0.418283000000000;0.236618000000000;-9.77661700000000
0.417268000000000;0.263026000000000;-9.79458200000000
0.427226000000000;0.257883000000000;-9.78466200000000
0.422611000000000;0.246467000000000;-9.79551200000000
0.436915000000000;0.235583000000000;-9.78158400000000
0.455294000000000;0.236345000000000;-9.73273700000000
0.474122000000000;0.261496000000000;-9.77594900000000
0.399021000000000;0.216540000000000;-9.78270900000000
0.411084000000000;0.332934000000000;-9.80923600000000
0.436802000000000;0.230406000000000;-9.76927200000000
0.431382000000000;0.262931000000000;-9.77322800000000
0.407940000000000;0.269283000000000;-9.77008200000000
0.417212000000000;0.255285000000000;-9.77102900000000
0.405529000000000;0.263658000000000;-9.77860300000000
0.416560000000000;0.253253000000000;-9.77871900000000
0.440979000000000;0.262617000000000;-9.78250200000000
0.423147000000000;0.243684000000000;-9.78418200000000
0.397848000000000;0.255508000000000;-9.77287600000000
0.417148000000000;0.257540000000000;-9.78436800000000
0.426189000000000;0.252484000000000;-9.77406800000000
0.415017000000000;0.248917000000000;-9.78107000000000
0.434308000000000;0.275233000000000;-9.77258400000000
0.441095000000000;0.259563000000000;-9.75844600000000
0.424033000000000;0.257448000000000;-9.76835300000000
0.423382000000000;0.266311000000000;-9.78508000000000
0.422961000000000;0.267472000000000;-9.78414800000000
0.409410000000000;0.260947000000000;-9.77239900000000
0.424374000000000;0.271935000000000;-9.78135100000000
0.421904000000000;0.246193000000000;-9.77720400000000
0.404370000000000;0.267275000000000;-9.78955100000000
0.395763000000000;0.251461000000000;-9.77335400000000
0.425934000000000;0.266249000000000;-9.77407200000000
0.430013000000000;0.269180000000000;-9.75886900000000
0.411188000000000;0.268429000000000;-9.77690300000000
0.429583000000000;0.253504000000000;-9.76121700000000
0.436838000000000;0.240852000000000;-9.72318900000000
0.419616000000000;0.282008000000000;-9.79274700000000
0.422406000000000;0.273417000000000;-9.76694000000000
0.438289000000000;0.281317000000000;-9.76631300000000
0.418463000000000;0.248360000000000;-9.77293700000000
0.443069000000000;0.262302000000000;-9.73376800000000
0.413468000000000;0.270417000000000;-9.75702600000000
0.410299000000000;0.255392000000000;-9.75663100000000
0.412036000000000;0.249046000000000;-9.76331500000000
0.413661000000000;0.264870000000000;-9.76049700000000
0.424267000000000;0.275192000000000;-9.76723400000000
0.407996000000000;0.257024000000000;-9.78320900000000
0.420230000000000;0.272634000000000;-9.78162400000000
0.417516000000000;0.256725000000000;-9.74970000000000
0.422309000000000;0.258911000000000;-9.75114200000000
0.413587000000000;0.286307000000000;-9.77789100000000
0.411611000000000;0.268368000000000;-9.77167500000000
0.415742000000000;0.236614000000000;-9.77599600000000
0.417835000000000;0.258502000000000;-9.77415100000000
0.413927000000000;0.282486000000000;-9.77203700000000
0.414435000000000;0.267549000000000;-9.78171600000000
0.398537000000000;0.260768000000000;-9.77960800000000
0.440592000000000;0.264345000000000;-9.77086600000000
0.423423000000000;0.254751000000000;-9.77905600000000
0.401780000000000;0.264785000000000;-9.76639300000000
0.418355000000000;0.253868000000000;-9.77436400000000
0.417910000000000;0.252034000000000;-9.77035000000000
0.416257000000000;0.275550000000000;-9.77137500000000
0.468768000000000;0.234346000000000;-9.84056300000000
0.415834000000000;0.259935000000000;-9.79439800000000
0.419687000000000;0.253894000000000;-9.78179400000000
0.428073000000000;0.303552000000000;-9.75080400000000
0.402310000000000;0.268259000000000;-9.78134100000000
0.423781000000000;0.255898000000000;-9.78686400000000
0.425070000000000;0.257309000000000;-9.77743100000000
0.426697000000000;0.246726000000000;-9.77440400000000
0.428407000000000;0.244646000000000;-9.77015300000000
0.419654000000000;0.253954000000000;-9.76225200000000
0.441712000000000;0.264924000000000;-9.76781000000000
0.423113000000000;0.244871000000000;-9.77642200000000
0.420736000000000;0.240675000000000;-9.75809700000000
0.416236000000000;0.257401000000000;-9.77138500000000
0.421044000000000;0.254820000000000;-9.77968400000000
0.433938000000000;0.245012000000000;-9.76796200000000
0.405549000000000;0.249816000000000;-9.77848600000000
0.418911000000000;0.266300000000000;-9.77587100000000
0.434511000000000;0.245003000000000;-9.78281500000000
0.407209000000000;0.240123000000000;-9.78983100000000
0.427381000000000;0.251231000000000;-9.77295300000000
0.432924000000000;0.246375000000000;-9.76109600000000
0.422958000000000;0.256277000000000;-9.76457300000000
0.440320000000000;0.233135000000000;-9.76562200000000
0.435206000000000;0.256227000000000;-9.76592300000000
0.429746000000000;0.249615000000000;-9.77608300000000
0.405738000000000;0.259921000000000;-9.78914900000000
0.435716000000000;0.255344000000000;-9.78031600000000
0.420208000000000;0.229423000000000;-9.76924000000000
0.425813000000000;0.248510000000000;-9.77718900000000
0.400735000000000;0.253861000000000;-9.76832800000000
0.435540000000000;0.256822000000000;-9.77805600000000
0.404478000000000;0.260395000000000;-9.79520700000000
0.413380000000000;0.253315000000000;-9.77776100000000
0.411365000000000;0.258876000000000;-9.73728400000000
0.415703000000000;0.253329000000000;-9.76947600000000
0.425392000000000;0.269996000000000;-9.75556100000000
0.412728000000000;0.263295000000000;-9.80038900000000
0.417063000000000;0.233912000000000;-9.78436700000000
0.417932000000000;0.262235000000000;-9.78925700000000
0.410907000000000;0.261655000000000;-9.78549600000000
0.417675000000000;0.257289000000000;-9.77448000000000
0.433483000000000;0.257014000000000;-9.76787300000000
0.421452000000000;0.248744000000000;-9.76541300000000
0.440680000000000;0.263580000000000;-9.77051600000000
0.415346000000000;0.258320000000000;-9.78032400000000
0.429844000000000;0.235254000000000;-9.77864200000000
0.419990000000000;0.243365000000000;-9.78455200000000
0.429191000000000;0.246815000000000;-9.75819000000000
0.419525000000000;0.270974000000000;-9.77888300000000
0.407883000000000;0.251629000000000;-9.74955100000000
0.425035000000000;0.254171000000000;-9.77499900000000
0.412271000000000;0.261443000000000;-9.76999200000000
0.424055000000000;0.262755000000000;-9.77384600000000
0.424213000000000;0.243318000000000;-9.76479800000000
0.421364000000000;0.258734000000000;-9.77354500000000
0.424317000000000;0.261533000000000;-9.75788800000000
0.393050000000000;0.245212000000000;-9.78619900000000
0.430888000000000;0.264641000000000;-9.75820100000000
0.427444000000000;0.251634000000000;-9.75899300000000
0.411898000000000;0.271961000000000;-9.77567900000000
0.428633000000000;0.285307000000000;-9.76919700000000
0.412300000000000;0.255372000000000;-9.76220800000000
0.433568000000000;0.265846000000000;-9.77366700000000
0.419905000000000;0.239019000000000;-9.77735300000000
0.418942000000000;0.259368000000000;-9.76317800000000
0.406297000000000;0.263157000000000;-9.77397800000000
0.399879000000000;0.248367000000000;-9.75667200000000
0.414533000000000;0.249470000000000;-9.76193400000000
0.419681000000000;0.241710000000000;-9.77507600000000
0.427446000000000;0.268368000000000;-9.75899700000000
0.409657000000000;0.249234000000000;-9.76104500000000
0.403204000000000;0.248113000000000;-9.79863500000000
0.403296000000000;0.254754000000000;-9.75960600000000
0.428017000000000;0.242392000000000;-9.76956400000000
0.431670000000000;0.259817000000000;-9.77517700000000
0.429885000000000;0.241508000000000;-9.77713600000000
0.407390000000000;0.258788000000000;-9.76228200000000
0.413882000000000;0.242665000000000;-9.78004600000000
0.426403000000000;0.245790000000000;-9.78030300000000
0.407074000000000;0.258102000000000;-9.76912900000000
0.413214000000000;0.253024000000000;-9.77231100000000
0.433747000000000;0.245032000000000;-9.77900800000000
0.435723000000000;0.255467000000000;-9.76725700000000
0.396746000000000;0.287951000000000;-9.77527000000000
0.408896000000000;0.249480000000000;-9.74978200000000
0.421699000000000;0.255089000000000;-9.78082100000000
0.426587000000000;0.261899000000000;-9.77782000000000
0.419237000000000;0.257200000000000;-9.76268000000000
0.398073000000000;0.275257000000000;-9.75276200000000
0.447293000000000;0.235673000000000;-9.76723800000000
0.416321000000000;0.242231000000000;-9.78089900000000
0.427920000000000;0.248768000000000;-9.77827900000000
0.426429000000000;0.267320000000000;-9.77304500000000
0.411007000000000;0.256872000000000;-9.77478800000000
0.430171000000000;0.256041000000000;-9.78321300000000
0.430205000000000;0.257933000000000;-9.76789700000000
0.428244000000000;0.245499000000000;-9.75579700000000
0.421817000000000;0.245942000000000;-9.76374600000000
0.437542000000000;0.248882000000000;-9.75562600000000
0.427919000000000;0.257525000000000;-9.77856700000000
0.423672000000000;0.254050000000000;-9.77324800000000
0.425551000000000;0.245784000000000;-9.77391200000000
0.388644000000000;0.268518000000000;-9.77612400000000
0.415225000000000;0.256527000000000;-9.75038000000000
0.428550000000000;0.247578000000000;-9.76931900000000
0.414404000000000;0.259840000000000;-9.78233000000000
0.430245000000000;0.241929000000000;-9.77907100000000
0.426699000000000;0.255509000000000;-9.76591300000000
0.424470000000000;0.263193000000000;-9.77587600000000
0.414450000000000;0.274074000000000;-9.77057700000000
0.413773000000000;0.260721000000000;-9.78178700000000
0.409281000000000;0.244165000000000;-9.78012200000000
0.429847000000000;0.266985000000000;-9.75512400000000
0.418092000000000;0.247786000000000;-9.76946600000000
0.434394000000000;0.260512000000000;-9.77698300000000
0.434213000000000;0.233660000000000;-9.76380900000000
0.414871000000000;0.265773000000000;-9.71338400000000
0.439746000000000;0.251339000000000;-9.74331000000000
0.439010000000000;0.231107000000000;-9.75993300000000
0.375664000000000;0.268064000000000;-9.76463100000000
0.439803000000000;0.260246000000000;-9.75263300000000
0.418172000000000;0.242500000000000;-9.77307900000000
0.409844000000000;0.227264000000000;-9.77469700000000
0.434057000000000;0.253005000000000;-9.75424100000000
0.422047000000000;0.259176000000000;-9.77609900000000
0.417222000000000;0.258603000000000;-9.77084400000000
0.416158000000000;0.247901000000000;-9.74563000000000
0.398759000000000;0.236133000000000;-9.76867200000000
0.405494000000000;0.256068000000000;-9.77730800000000
0.419046000000000;0.244053000000000;-9.76306500000000
0.415087000000000;0.252383000000000;-9.76124100000000
0.415011000000000;0.262306000000000;-9.78303200000000
0.406431000000000;0.253139000000000;-9.75936500000000
0.437340000000000;0.259913000000000;-9.76037900000000
0.413163000000000;0.247994000000000;-9.77878400000000
0.400716000000000;0.253115000000000;-9.77056700000000
0.434084000000000;0.239135000000000;-9.78515700000000
0.413000000000000;0.257706000000000;-9.77131500000000
0.426362000000000;0.249117000000000;-9.78412800000000
0.441630000000000;0.242302000000000;-9.76648400000000
0.418816000000000;0.235812000000000;-9.79109300000000
0.428053000000000;0.243148000000000;-9.77075900000000
0.401765000000000;0.247651000000000;-9.77699300000000
0.431863000000000;0.230855000000000;-9.75602000000000
0.426172000000000;0.237227000000000;-9.76102900000000
0.392302000000000;0.271378000000000;-9.74098400000000
0.430977000000000;0.266425000000000;-9.74722600000000
0.440746000000000;0.256425000000000;-9.74960800000000
0.422871000000000;0.240984000000000;-9.75652400000000
0.414562000000000;0.251588000000000;-9.75511900000000
0.413513000000000;0.261857000000000;-9.76764400000000
0.418177000000000;0.252774000000000;-9.77152600000000
0.404672000000000;0.241457000000000;-9.77273600000000
0.424739000000000;0.258189000000000;-9.76989000000000
0.415333000000000;0.235063000000000;-9.78149800000000
0.412785000000000;0.258928000000000;-9.74963400000000
0.429364000000000;0.261694000000000;-9.78370400000000
0.419978000000000;0.248266000000000;-9.77068800000000
0.445402000000000;0.245747000000000;-9.77555600000000
0.402310000000000;0.280282000000000;-9.80124400000000
0.414543000000000;0.242683000000000;-9.74871500000000
0.431980000000000;0.247756000000000;-9.73332100000000
0.445654000000000;0.269496000000000;-9.76405900000000
0.419876000000000;0.240091000000000;-9.78313500000000
0.423967000000000;0.247079000000000;-9.75697100000000
0.431965000000000;0.257085000000000;-9.79589600000000
0.416823000000000;0.246917000000000;-9.78022800000000
0.416950000000000;0.250371000000000;-9.77363900000000
0.414272000000000;0.243254000000000;-9.76779600000000
0.419450000000000;0.270175000000000;-9.77642600000000
0.420714000000000;0.264110000000000;-9.79023000000000
0.407087000000000;0.251563000000000;-9.78314400000000
0.413482000000000;0.244878000000000;-9.77269500000000
0.438758000000000;0.250001000000000;-9.75464000000000
0.411475000000000;0.253044000000000;-9.77192400000000
0.418932000000000;0.253013000000000;-9.77034100000000
0.408985000000000;0.226058000000000;-9.77400900000000
0.419107000000000;0.255948000000000;-9.81029500000000
0.424946000000000;0.235892000000000;-9.78640300000000
0.409729000000000;0.254477000000000;-9.76870300000000
0.409684000000000;0.276658000000000;-9.75728400000000
0.414938000000000;0.268322000000000;-9.77377000000000
0.420867000000000;0.247039000000000;-9.77149600000000
0.410198000000000;0.240634000000000;-9.77725900000000
0.433247000000000;0.267164000000000;-9.77558700000000
0.426600000000000;0.240488000000000;-9.75841300000000
0.380969000000000;0.296265000000000;-9.71624900000000
0.401823000000000;0.231825000000000;-9.75064300000000
0.436520000000000;0.267851000000000;-9.75903200000000
0.415154000000000;0.233417000000000;-9.77868300000000
0.422677000000000;0.266318000000000;-9.77533400000000
0.412197000000000;0.244110000000000;-9.76764800000000
0.427426000000000;0.256636000000000;-9.77786200000000
0.389522000000000;0.244462000000000;-9.76943100000000
0.419365000000000;0.254393000000000;-9.75857500000000
0.408561000000000;0.252517000000000;-9.76340200000000
0.409183000000000;0.255068000000000;-9.79609600000000
0.418125000000000;0.245419000000000;-9.78413600000000
0.432718000000000;0.252873000000000;-9.79429100000000
0.418275000000000;0.268750000000000;-9.78235500000000
0.416841000000000;0.240841000000000;-9.76033200000000
0.397692000000000;0.252602000000000;-9.81586200000000
0.413327000000000;0.256275000000000;-9.77310800000000
0.430606000000000;0.274976000000000;-9.78707200000000
0.399927000000000;0.246269000000000;-9.76166900000000
0.416479000000000;0.262545000000000;-9.77710800000000
0.431002000000000;0.259633000000000;-9.76303400000000
0.425840000000000;0.279083000000000;-9.74859700000000
0.411665000000000;0.251552000000000;-9.77082600000000
0.431220000000000;0.249428000000000;-9.78045000000000
0.423645000000000;0.254765000000000;-9.77592600000000
0.429874000000000;0.258135000000000;-9.76040900000000
0.426619000000000;0.229067000000000;-9.77815500000000
0.433936000000000;0.281506000000000;-9.78745700000000
0.423089000000000;0.257156000000000;-9.78332600000000
0.411654000000000;0.250726000000000;-9.79228800000000
0.416945000000000;0.245252000000000;-9.76811100000000
0.407487000000000;0.275535000000000;-9.77118500000000
0.408255000000000;0.260385000000000;-9.76580800000000
0.422973000000000;0.240751000000000;-9.77296600000000
0.411785000000000;0.262517000000000;-9.76544900000000
0.433901000000000;0.245980000000000;-9.76405000000000
0.423435000000000;0.240873000000000;-9.76217000000000
0.425348000000000;0.248302000000000;-9.79502600000000
0.410528000000000;0.264912000000000;-9.78232900000000
0.414644000000000;0.298204000000000;-9.76765000000000
0.381373000000000;0.233752000000000;-9.77746100000000
0.419448000000000;0.252543000000000;-9.77118200000000
0.419510000000000;0.246328000000000;-9.77164800000000
0.422350000000000;0.261997000000000;-9.76171800000000
0.409408000000000;0.262170000000000;-9.81320500000000
0.395260000000000;0.274498000000000;-9.77940500000000
0.415616000000000;0.240512000000000;-9.77465800000000
0.419252000000000;0.261515000000000;-9.77209400000000
0.432444000000000;0.249599000000000;-9.78297300000000
0.400037000000000;0.256902000000000;-9.77011700000000
0.422973000000000;0.259090000000000;-9.77063000000000
0.434611000000000;0.260611000000000;-9.78677600000000
0.423377000000000;0.252340000000000;-9.77422100000000
0.417267000000000;0.240204000000000;-9.76259900000000
0.413747000000000;0.257183000000000;-9.77325300000000
0.417135000000000;0.258448000000000;-9.77658100000000
0.412034000000000;0.233017000000000;-9.77210600000000
0.400501000000000;0.256249000000000;-9.76946800000000
0.407883000000000;0.249270000000000;-9.77364200000000
0.400830000000000;0.252380000000000;-9.75775900000000
0.421456000000000;0.287667000000000;-9.76147200000000
0.410450000000000;0.260558000000000;-9.79151500000000
0.410903000000000;0.252185000000000;-9.76469800000000
0.420474000000000;0.217239000000000;-9.76814800000000
0.405204000000000;0.256208000000000;-9.77195000000000
0.400457000000000;0.247099000000000;-9.76605500000000
0.400489000000000;0.233175000000000;-9.78905000000000
0.440349000000000;0.243797000000000;-9.77422000000000
0.444932000000000;0.235230000000000;-9.73700600000000
0.437982000000000;0.259345000000000;-9.76996400000000
0.431114000000000;0.251520000000000;-9.76396000000000
0.419308000000000;0.248980000000000;-9.76186200000000
0.405294000000000;0.238322000000000;-9.77465100000000
0.421864000000000;0.262931000000000;-9.78008300000000
0.428042000000000;0.260801000000000;-9.76142300000000
0.398203000000000;0.271635000000000;-9.77492400000000
0.402551000000000;0.245331000000000;-9.77719300000000
0.412326000000000;0.261391000000000;-9.76555100000000
0.415152000000000;0.236472000000000;-9.78231200000000
0.411716000000000;0.243567000000000;-9.77781600000000
0.430568000000000;0.255760000000000;-9.77193000000000
0.410634000000000;0.250211000000000;-9.77172000000000
0.425624000000000;0.265552000000000;-9.78096100000000
0.412425000000000;0.250898000000000;-9.78190900000000
0.407007000000000;0.237717000000000;-9.77174800000000
0.410606000000000;0.258749000000000;-9.75546500000000
0.418758000000000;0.239241000000000;-9.76720500000000
0.408618000000000;0.246443000000000;-9.77482200000000
0.434812000000000;0.248066000000000;-9.76384100000000
0.435662000000000;0.246581000000000;-9.78073200000000
0.428892000000000;0.267079000000000;-9.78695400000000
0.417344000000000;0.263287000000000;-9.79113400000000
0.418184000000000;0.261767000000000;-9.76931800000000
0.411144000000000;0.254610000000000;-9.77488500000000
0.429001000000000;0.263958000000000;-9.77962400000000
0.423001000000000;0.258286000000000;-9.78546300000000
0.410035000000000;0.251930000000000;-9.77583500000000
0.412199000000000;0.275041000000000;-9.77088800000000
0.425718000000000;0.237059000000000;-9.78882100000000
0.434191000000000;0.254044000000000;-9.76252200000000
0.440109000000000;0.239896000000000;-9.79201400000000
0.413832000000000;0.281638000000000;-9.79152800000000
0.387118000000000;0.239460000000000;-9.79084400000000
0.426302000000000;0.246907000000000;-9.75261100000000
0.425786000000000;0.261212000000000;-9.76119500000000
0.426282000000000;0.247552000000000;-9.78368800000000
0.429151000000000;0.241962000000000;-9.77758000000000
0.435588000000000;0.261857000000000;-9.73374700000000
0.382884000000000;0.245402000000000;-9.74617600000000
0.445761000000000;0.249572000000000;-9.75225500000000
0.403703000000000;0.230537000000000;-9.75460500000000
0.418966000000000;0.262830000000000;-9.77587800000000
0.418662000000000;0.270738000000000;-9.78299000000000
0.426304000000000;0.258209000000000;-9.77702300000000
0.419103000000000;0.248204000000000;-9.76677900000000
0.427561000000000;0.243405000000000;-9.77283400000000
0.416551000000000;0.264441000000000;-9.77991100000000
0.413912000000000;0.246745000000000;-9.75512400000000
0.405956000000000;0.246342000000000;-9.79024500000000
0.417023000000000;0.275870000000000;-9.79270000000000
0.378575000000000;0.258154000000000;-9.79395700000000
0.421740000000000;0.260661000000000;-9.75562200000000
0.398196000000000;0.260374000000000;-9.76757600000000
0.418847000000000;0.255001000000000;-9.76201800000000
0.423314000000000;0.245633000000000;-9.76337600000000
0.435476000000000;0.231252000000000;-9.77331700000000
0.424216000000000;0.248401000000000;-9.80484600000000
0.419175000000000;0.268390000000000;-9.76003100000000
0.421434000000000;0.258174000000000;-9.73001500000000
0.403206000000000;0.261228000000000;-9.77049400000000
0.410162000000000;0.237484000000000;-9.77252000000000
0.420742000000000;0.263323000000000;-9.77577000000000
0.444436000000000;0.245501000000000;-9.78979500000000
0.411121000000000;0.266158000000000;-9.76654800000000
0.432125000000000;0.230457000000000;-9.76921800000000
0.410067000000000;0.247872000000000;-9.78357300000000
0.410242000000000;0.246127000000000;-9.77936500000000
0.408654000000000;0.243246000000000;-9.78164200000000
0.414344000000000;0.251569000000000;-9.75999600000000
0.424097000000000;0.250340000000000;-9.76740500000000
0.432684000000000;0.239540000000000;-9.75979600000000
0.428004000000000;0.267891000000000;-9.76547000000000
0.405141000000000;0.233160000000000;-9.76950400000000
0.432637000000000;0.263946000000000;-9.77587900000000
0.426528000000000;0.248775000000000;-9.77132400000000
0.432576000000000;0.265780000000000;-9.76507800000000
0.413752000000000;0.247483000000000;-9.77626200000000
0.426266000000000;0.259558000000000;-9.76482700000000
0.425923000000000;0.252868000000000;-9.76499300000000
0.403544000000000;0.240980000000000;-9.77340200000000
0.438361000000000;0.259198000000000;-9.77048700000000
0.395800000000000;0.251247000000000;-9.77432800000000
0.402961000000000;0.259896000000000;-9.79677400000000
0.400305000000000;0.246953000000000;-9.74071600000000
0.415276000000000;0.249864000000000;-9.73469400000000
0.424096000000000;0.252224000000000;-9.76975300000000
0.402444000000000;0.314361000000000;-9.75466100000000
0.400956000000000;0.242298000000000;-9.71949600000000
0.379203000000000;0.207866000000000;-9.81183400000000
0.453603000000000;0.252211000000000;-9.86111500000000
0.386484000000000;0.231930000000000;-9.66690400000000
0.395974000000000;0.251722000000000;-9.79182700000000
0.408660000000000;0.236116000000000;-9.79779800000000
0.408373000000000;0.268450000000000;-9.78081700000000
0.408635000000000;0.247507000000000;-9.77104500000000
0.407212000000000;0.238355000000000;-9.78391500000000
0.432493000000000;0.232148000000000;-9.73847400000000
0.427620000000000;0.260130000000000;-9.76400900000000
0.436956000000000;0.233908000000000;-9.76445300000000
0.439046000000000;0.255668000000000;-9.75686400000000
0.395574000000000;0.240694000000000;-9.73971700000000
0.446866000000000;0.280305000000000;-9.78588900000000
0.412577000000000;0.280284000000000;-9.80186600000000
0.426145000000000;0.272330000000000;-9.80345900000000
0.392491000000000;0.277693000000000;-9.76623600000000
0.409131000000000;0.257211000000000;-9.80033600000000
0.422397000000000;0.245043000000000;-9.76195300000000
0.420171000000000;0.255577000000000;-9.75479200000000
0.473025000000000;0.239006000000000;-9.71217400000000
0.399217000000000;0.257215000000000;-9.76603100000000
0.431986000000000;0.230041000000000;-9.74801700000000
0.421285000000000;0.269603000000000;-9.77431900000000
0.407597000000000;0.255699000000000;-9.75628200000000
0.421036000000000;0.266224000000000;-9.76354600000000
0.436260000000000;0.268545000000000;-9.76915600000000
0.426619000000000;0.246228000000000;-9.78474600000000
0.422724000000000;0.270957000000000;-9.76171400000000
0.417812000000000;0.243602000000000;-9.77711700000000
0.405287000000000;0.235241000000000;-9.77699300000000
0.457960000000000;0.231964000000000;-9.78697600000000
0.416337000000000;0.254746000000000;-9.78347000000000
0.413996000000000;0.264283000000000;-9.77428800000000
0.426419000000000;0.233393000000000;-9.74613400000000
0.395565000000000;0.284351000000000;-9.76433200000000
0.427020000000000;0.249083000000000;-9.76581400000000
0.418268000000000;0.263902000000000;-9.77587300000000
0.407390000000000;0.246328000000000;-9.77156400000000
0.419892000000000;0.238676000000000;-9.78869700000000
0.416292000000000;0.253994000000000;-9.78310900000000
0.424337000000000;0.230283000000000;-9.77949800000000
0.424765000000000;0.237096000000000;-9.76941200000000
0.424584000000000;0.255078000000000;-9.77790900000000
0.417926000000000;0.236979000000000;-9.78274400000000
0.421592000000000;0.241420000000000;-9.77426700000000
0.419092000000000;0.279403000000000;-9.75585900000000
0.425997000000000;0.255394000000000;-9.76987400000000
0.413479000000000;0.251408000000000;-9.75973800000000
0.431442000000000;0.260648000000000;-9.78429300000000
0.422122000000000;0.252390000000000;-9.77864800000000
0.405430000000000;0.240645000000000;-9.76280700000000
0.431658000000000;0.251677000000000;-9.75250800000000
0.422112000000000;0.257197000000000;-9.76566400000000
0.414046000000000;0.261468000000000;-9.77012300000000
0.409874000000000;0.247753000000000;-9.79743100000000
0.421264000000000;0.251317000000000;-9.74291500000000
0.397060000000000;0.260560000000000;-9.77669300000000
0.428970000000000;0.238280000000000;-9.78519400000000
0.440332000000000;0.260659000000000;-9.78208400000000
0.430325000000000;0.277572000000000;-9.78716300000000
0.383321000000000;0.225411000000000;-9.81089100000000
0.408285000000000;0.244295000000000;-9.75966500000000
0.416341000000000;0.262238000000000;-9.77519800000000
0.410094000000000;0.239535000000000;-9.77134900000000
0.427872000000000;0.248513000000000;-9.77073500000000
0.407580000000000;0.238765000000000;-9.77875600000000
0.408602000000000;0.267366000000000;-9.76145600000000
0.412942000000000;0.243033000000000;-9.77733500000000
0.422395000000000;0.270954000000000;-9.76204900000000
0.427901000000000;0.239451000000000;-9.76767300000000
0.408360000000000;0.267589000000000;-9.78996600000000
0.419745000000000;0.255665000000000;-9.77385300000000
0.418795000000000;0.263191000000000;-9.77270500000000
0.427071000000000;0.246878000000000;-9.75143700000000
0.428209000000000;0.274608000000000;-9.76650400000000
0.406697000000000;0.231966000000000;-9.78637300000000
0.425947000000000;0.222387000000000;-9.76661300000000
0.427768000000000;0.245439000000000;-9.77759500000000
0.429318000000000;0.249600000000000;-9.78601600000000
0.409039000000000;0.266282000000000;-9.76451700000000
0.421115000000000;0.246129000000000;-9.77346400000000
0.428799000000000;0.264804000000000;-9.78463600000000
0.425194000000000;0.232720000000000;-9.77243500000000
0.443415000000000;0.247041000000000;-9.72628400000000
0.439422000000000;0.246615000000000;-9.78536700000000
0.406756000000000;0.255942000000000;-9.79871700000000
0.415187000000000;0.259321000000000;-9.78357400000000
0.420575000000000;0.267117000000000;-9.76938200000000
0.407105000000000;0.255267000000000;-9.77763600000000
0.413607000000000;0.269438000000000;-9.77117300000000
0.437460000000000;0.234328000000000;-9.77216600000000
0.430456000000000;0.277882000000000;-9.76923200000000
0.417584000000000;0.245473000000000;-9.76533800000000
0.434152000000000;0.249294000000000;-9.76683400000000
0.426433000000000;0.232115000000000;-9.79373400000000
0.457554000000000;0.244172000000000;-9.76466700000000
0.414484000000000;0.236332000000000;-9.77827600000000
0.413054000000000;0.244420000000000;-9.76796800000000
0.431376000000000;0.249359000000000;-9.75869100000000
0.418246000000000;0.256884000000000;-9.76388800000000
0.430049000000000;0.269283000000000;-9.79198500000000
0.436460000000000;0.222641000000000;-9.76576700000000
0.429264000000000;0.245401000000000;-9.76413600000000
0.433008000000000;0.265655000000000;-9.78002900000000
0.413709000000000;0.220402000000000;-9.76360900000000
0.430393000000000;0.241243000000000;-9.78129600000000
0.424682000000000;0.243552000000000;-9.77031700000000
0.410610000000000;0.248863000000000;-9.73099300000000
0.394855000000000;0.269263000000000;-9.79619800000000
0.416190000000000;0.235491000000000;-9.78165600000000
0.397146000000000;0.268507000000000;-9.79838000000000
0.410415000000000;0.279261000000000;-9.77296500000000
0.406945000000000;0.248596000000000;-9.77680100000000
0.419040000000000;0.271601000000000;-9.77503900000000
0.427195000000000;0.269168000000000;-9.76482000000000
0.424172000000000;0.258471000000000;-9.77795300000000
0.423217000000000;0.245134000000000;-9.76521400000000
0.434896000000000;0.268159000000000;-9.75712400000000
0.400304000000000;0.245486000000000;-9.80612900000000
0.427502000000000;0.261292000000000;-9.78183700000000
0.401008000000000;0.258690000000000;-9.77663200000000
0.407601000000000;0.243535000000000;-9.76255000000000
0.415117000000000;0.258529000000000;-9.74700600000000
0.403253000000000;0.285804000000000;-9.73677300000000
0.410204000000000;0.245285000000000;-9.74878400000000
0.466455000000000;0.264437000000000;-9.75666900000000
0.439664000000000;0.260122000000000;-9.76927100000000
0.425390000000000;0.249132000000000;-9.77410500000000
0.432477000000000;0.249418000000000;-9.76183900000000
0.405877000000000;0.255755000000000;-9.76997500000000
0.420341000000000;0.253882000000000;-9.77866000000000
0.409854000000000;0.240668000000000;-9.78734800000000
0.419738000000000;0.226063000000000;-9.73499800000000
0.410097000000000;0.244213000000000;-9.77360200000000
0.433667000000000;0.258338000000000;-9.78057900000000
0.408763000000000;0.245910000000000;-9.74879400000000
0.403832000000000;0.261869000000000;-9.78410500000000
0.431965000000000;0.252529000000000;-9.79044300000000
0.432497000000000;0.252610000000000;-9.78418400000000
0.448638000000000;0.241263000000000;-9.76938200000000
0.417268000000000;0.231197000000000;-9.76706200000000
0.413476000000000;0.212347000000000;-9.82602800000000
0.424930000000000;0.259382000000000;-9.77890000000000
0.409992000000000;0.274643000000000;-9.78476300000000
0.417886000000000;0.255077000000000;-9.76996400000000
0.422714000000000;0.257012000000000;-9.76935700000000
0.407301000000000;0.251384000000000;-9.77436800000000
0.398748000000000;0.241609000000000;-9.76519500000000
0.405426000000000;0.254188000000000;-9.76431800000000
0.430224000000000;0.265005000000000;-9.77738600000000
0.435478000000000;0.239593000000000;-9.77847500000000
0.424702000000000;0.258155000000000;-9.77894400000000
0.410652000000000;0.254106000000000;-9.77766300000000
0.463495000000000;0.243963000000000;-9.77125100000000
0.426669000000000;0.257217000000000;-9.78915000000000
0.418918000000000;0.261079000000000;-9.77134600000000
0.422103000000000;0.268985000000000;-9.77966300000000
0.424980000000000;0.236694000000000;-9.77518900000000
0.427024000000000;0.234847000000000;-9.77621000000000
0.430771000000000;0.255555000000000;-9.77408800000000
0.402941000000000;0.228582000000000;-9.75954500000000
0.412174000000000;0.239612000000000;-9.79302000000000
0.423985000000000;0.272415000000000;-9.82109400000000
0.420361000000000;0.224343000000000;-9.74188800000000
0.440699000000000;0.240119000000000;-9.77500900000000
0.381919000000000;0.230696000000000;-9.73716400000000
0.428224000000000;0.285853000000000;-9.78498800000000
0.423600000000000;0.236483000000000;-9.75675900000000
0.418951000000000;0.252787000000000;-9.79478300000000
0.434548000000000;0.259201000000000;-9.75453500000000
0.437998000000000;0.245080000000000;-9.79233500000000
0.399516000000000;0.236633000000000;-9.78115400000000
0.413806000000000;0.255499000000000;-9.75682800000000
0.394463000000000;0.273955000000000;-9.80383700000000
0.430879000000000;0.249182000000000;-9.77452200000000
0.428159000000000;0.256462000000000;-9.75913300000000
0.412673000000000;0.254141000000000;-9.76932300000000
0.427175000000000;0.255352000000000;-9.79553200000000
0.430691000000000;0.207860000000000;-9.80239700000000
0.405935000000000;0.245092000000000;-9.77294300000000
0.423432000000000;0.259263000000000;-9.77002000000000
0.435205000000000;0.243283000000000;-9.74780800000000
0.409567000000000;0.247351000000000;-9.74343600000000
0.408173000000000;0.255157000000000;-9.75325400000000
0.399847000000000;0.274151000000000;-9.74384700000000
0.407066000000000;0.242879000000000;-9.77877800000000
0.428577000000000;0.266934000000000;-9.76686600000000
0.408565000000000;0.244912000000000;-9.75686800000000
0.408754000000000;0.257462000000000;-9.77514100000000
0.411716000000000;0.273011000000000;-9.77511900000000
0.440635000000000;0.261853000000000;-9.77110400000000
0.424839000000000;0.260126000000000;-9.76805600000000
0.402992000000000;0.273360000000000;-9.77873600000000
0.424163000000000;0.233282000000000;-9.78105500000000
0.421473000000000;0.258643000000000;-9.78126300000000
0.401122000000000;0.276802000000000;-9.77102400000000
0.387213000000000;0.250804000000000;-9.78499000000000
0.419551000000000;0.237903000000000;-9.75715800000000
0.427054000000000;0.236991000000000;-9.75631600000000
0.436761000000000;0.252238000000000;-9.80318700000000
0.439824000000000;0.265601000000000;-9.79204800000000
0.421163000000000;0.243626000000000;-9.76940300000000
0.413280000000000;0.263263000000000;-9.76942300000000
0.424252000000000;0.240625000000000;-9.78402900000000
0.402738000000000;0.247413000000000;-9.77535300000000
0.432071000000000;0.257935000000000;-9.76924100000000
0.419193000000000;0.251158000000000;-9.77662100000000
0.413209000000000;0.251063000000000;-9.75958300000000
0.394261000000000;0.231142000000000;-9.78215600000000
0.398997000000000;0.285775000000000;-9.72586900000000
0.393106000000000;0.263844000000000;-9.79312600000000
0.426101000000000;0.255036000000000;-9.75680700000000
0.440632000000000;0.255583000000000;-9.83626400000000
0.425251000000000;0.223937000000000;-9.76830800000000
0.416783000000000;0.254413000000000;-9.75673100000000
0.391401000000000;0.254171000000000;-9.78420300000000
0.445818000000000;0.244677000000000;-9.76617000000000
0.409277000000000;0.249784000000000;-9.80221500000000
0.415222000000000;0.251975000000000;-9.79561100000000
0.435609000000000;0.252963000000000;-9.76522200000000
0.414056000000000;0.274974000000000;-9.79164900000000
0.413319000000000;0.249975000000000;-9.78614700000000
0.429943000000000;0.241105000000000;-9.76263400000000
0.435991000000000;0.243870000000000;-9.79089500000000
0.407260000000000;0.260373000000000;-9.76257300000000
0.445099000000000;0.264986000000000;-9.75266600000000
0.421571000000000;0.248232000000000;-9.77124500000000
0.425202000000000;0.247699000000000;-9.74385900000000
0.396905000000000;0.230741000000000;-9.76435700000000
0.427669000000000;0.278214000000000;-9.77161400000000
0.430157000000000;0.246788000000000;-9.73068500000000
0.452286000000000;0.248311000000000;-9.87939000000000
0.448364000000000;0.205100000000000;-9.82804400000000
0.407630000000000;0.278690000000000;-9.79328200000000
0.414660000000000;0.244842000000000;-9.75485700000000
0.419027000000000;0.253197000000000;-9.76874500000000
0.434622000000000;0.238396000000000;-9.74743900000000
0.399039000000000;0.265853000000000;-9.78201100000000
0.436264000000000;0.241732000000000;-9.75306200000000
0.405974000000000;0.257458000000000;-9.81803900000000
0.404169000000000;0.274406000000000;-9.76468800000000
0.388105000000000;0.285113000000000;-9.78401400000000
0.433549000000000;0.262253000000000;-9.75923900000000
0.409995000000000;0.234200000000000;-9.74220000000000
0.411207000000000;0.255411000000000;-9.79082300000000
0.429196000000000;0.234309000000000;-9.77537300000000
0.443788000000000;0.255191000000000;-9.76960700000000
0.432658000000000;0.254243000000000;-9.77599300000000
0.433080000000000;0.250323000000000;-9.78533600000000
0.404144000000000;0.247417000000000;-9.77254400000000
0.437135000000000;0.253984000000000;-9.76479400000000
0.422148000000000;0.242879000000000;-9.76472100000000
0.443955000000000;0.262402000000000;-9.77390800000000
0.406936000000000;0.259610000000000;-9.75496500000000
0.436543000000000;0.254797000000000;-9.81572600000000
0.412890000000000;0.255772000000000;-9.78201200000000
0.417515000000000;0.269414000000000;-9.75555100000000
0.420595000000000;0.233465000000000;-9.76826800000000
0.423538000000000;0.240258000000000;-9.76849700000000
0.418374000000000;0.263926000000000;-9.77850300000000
0.420565000000000;0.252429000000000;-9.75883900000000
0.401613000000000;0.241707000000000;-9.76942900000000
0.407995000000000;0.270454000000000;-9.77734900000000
0.421094000000000;0.258986000000000;-9.77563300000000
0.425683000000000;0.267497000000000;-9.78767600000000
0.416469000000000;0.250193000000000;-9.79192800000000
0.447890000000000;0.239893000000000;-9.76653200000000
0.398319000000000;0.250044000000000;-9.76598500000000
0.425220000000000;0.274332000000000;-9.76981400000000
0.417893000000000;0.255907000000000;-9.77216600000000
0.428820000000000;0.256569000000000;-9.78611300000000
0.427598000000000;0.263139000000000;-9.77625800000000
0.408580000000000;0.244302000000000;-9.76736500000000
0.422132000000000;0.238280000000000;-9.75922400000000
0.419510000000000;0.242533000000000;-9.77987700000000
0.438532000000000;0.250233000000000;-9.76196300000000
0.418370000000000;0.241524000000000;-9.76632000000000
0.413751000000000;0.274511000000000;-9.75807300000000
0.412597000000000;0.249927000000000;-9.79072600000000
0.382742000000000;0.293498000000000;-9.69253300000000
0.423739000000000;0.214456000000000;-9.81858400000000
0.456642000000000;0.251942000000000;-9.79715300000000
0.432482000000000;0.276938000000000;-9.74564200000000
0.429388000000000;0.257950000000000;-9.77764100000000
0.431514000000000;0.254663000000000;-9.79480500000000
0.410732000000000;0.273472000000000;-9.76850100000000
0.422389000000000;0.261502000000000;-9.74957600000000
0.390400000000000;0.276868000000000;-9.77481500000000
0.409267000000000;0.235622000000000;-9.77258500000000
0.413032000000000;0.258044000000000;-9.77124000000000
0.398351000000000;0.254598000000000;-9.76449700000000
0.444759000000000;0.244277000000000;-9.76973200000000
0.420279000000000;0.258064000000000;-9.78445700000000
0.432564000000000;0.251444000000000;-9.77661900000000
0.416811000000000;0.261079000000000;-9.75742100000000
0.432015000000000;0.261391000000000;-9.75953000000000
0.422073000000000;0.249871000000000;-9.78193200000000
0.411046000000000;0.250576000000000;-9.78091100000000
0.414303000000000;0.260603000000000;-9.79523500000000
0.420380000000000;0.233688000000000;-9.77570300000000
0.431751000000000;0.246697000000000;-9.77565500000000
0.406508000000000;0.241864000000000;-9.78533600000000
0.442617000000000;0.273722000000000;-9.76875900000000
0.426546000000000;0.237111000000000;-9.78587800000000
0.436841000000000;0.237954000000000;-9.76255600000000
0.406249000000000;0.209932000000000;-9.77756000000000
0.434697000000000;0.251619000000000;-9.75211400000000
0.414219000000000;0.253145000000000;-9.77700700000000
0.424412000000000;0.233806000000000;-9.77574300000000
0.409373000000000;0.260682000000000;-9.78418300000000
0.432391000000000;0.257309000000000;-9.78134100000000
0.423075000000000;0.238584000000000;-9.77986900000000
0.423194000000000;0.281269000000000;-9.77372600000000
0.419830000000000;0.244416000000000;-9.76373700000000
0.438880000000000;0.264900000000000;-9.77910100000000
0.432880000000000;0.258691000000000;-9.76556800000000
0.412471000000000;0.254202000000000;-9.77802800000000
0.423349000000000;0.262688000000000;-9.76079800000000
0.431265000000000;0.233162000000000;-9.78887900000000
0.423485000000000;0.238578000000000;-9.78677900000000
0.435801000000000;0.223359000000000;-9.77370600000000
0.431931000000000;0.249081000000000;-9.78334800000000
0.438331000000000;0.246277000000000;-9.77240800000000
0.422685000000000;0.261164000000000;-9.78799900000000
0.414649000000000;0.258074000000000;-9.77966600000000
0.405474000000000;0.225523000000000;-9.78648500000000
0.438345000000000;0.237605000000000;-9.76885300000000
0.427578000000000;0.249693000000000;-9.77738500000000
0.410795000000000;0.245964000000000;-9.78188400000000
0.427961000000000;0.249756000000000;-9.75789500000000
0.411166000000000;0.246704000000000;-9.77190200000000
0.414431000000000;0.272880000000000;-9.77323200000000
0.427110000000000;0.260182000000000;-9.76401000000000
0.416025000000000;0.262546000000000;-9.77028900000000
0.422746000000000;0.241870000000000;-9.77146500000000
0.426223000000000;0.244560000000000;-9.75568500000000
0.428543000000000;0.235168000000000;-9.74651000000000
0.409911000000000;0.253309000000000;-9.77122600000000
0.417479000000000;0.258947000000000;-9.76808400000000
0.424883000000000;0.266806000000000;-9.75632400000000
0.399467000000000;0.250404000000000;-9.77501600000000
0.423447000000000;0.254042000000000;-9.77104100000000
0.430159000000000;0.260493000000000;-9.77786100000000
0.421625000000000;0.250692000000000;-9.77559900000000
0.419644000000000;0.252598000000000;-9.81839400000000
0.436020000000000;0.254909000000000;-9.72899600000000
0.405374000000000;0.251168000000000;-9.78748300000000
0.441206000000000;0.253610000000000;-9.76911700000000
0.422643000000000;0.260975000000000;-9.78167400000000
0.423213000000000;0.262508000000000;-9.78011900000000
0.417389000000000;0.253891000000000;-9.78529200000000
0.395275000000000;0.244866000000000;-9.78994500000000
0.447796000000000;0.266127000000000;-9.75570900000000
0.417768000000000;0.246232000000000;-9.76295400000000
0.423407000000000;0.248694000000000;-9.74705600000000
0.421476000000000;0.247296000000000;-9.75501400000000
0.437693000000000;0.247174000000000;-9.78150500000000
0.423536000000000;0.248145000000000;-9.76707300000000
0.435575000000000;0.245412000000000;-9.78344000000000
0.412613000000000;0.253938000000000;-9.76927700000000
0.446006000000000;0.248984000000000;-9.77504300000000
0.416525000000000;0.249469000000000;-9.78822500000000
0.412900000000000;0.242119000000000;-9.76821300000000
0.434434000000000;0.256855000000000;-9.75559200000000
0.413965000000000;0.255012000000000;-9.77259000000000
0.435646000000000;0.258036000000000;-9.77833300000000
0.425204000000000;0.245431000000000;-9.78940100000000
0.453070000000000;0.256729000000000;-9.74377600000000
0.409729000000000;0.270968000000000;-9.78615000000000
0.420350000000000;0.272860000000000;-9.78655100000000
0.433634000000000;0.260585000000000;-9.78348700000000
0.430993000000000;0.261242000000000;-9.75501800000000
0.412045000000000;0.264561000000000;-9.78469300000000
0.435295000000000;0.231783000000000;-9.76902300000000
0.404279000000000;0.243152000000000;-9.78267000000000
0.417520000000000;0.236781000000000;-9.77843400000000
0.422543000000000;0.262565000000000;-9.76510600000000
0.420454000000000;0.248904000000000;-9.76841400000000
0.435019000000000;0.255741000000000;-9.77363600000000
0.418847000000000;0.242885000000000;-9.77505300000000
0.433691000000000;0.254149000000000;-9.76469500000000
0.440155000000000;0.256195000000000;-9.76071400000000
0.434010000000000;0.263893000000000;-9.76264400000000
0.419796000000000;0.271993000000000;-9.78373600000000
0.431718000000000;0.235286000000000;-9.76849700000000
0.433352000000000;0.252919000000000;-9.77393200000000
0.420371000000000;0.237519000000000;-9.77647300000000
0.439344000000000;0.266515000000000;-9.77285100000000
0.411608000000000;0.260728000000000;-9.75360800000000
0.416516000000000;0.245669000000000;-9.77792100000000
0.421678000000000;0.241390000000000;-9.77610800000000
0.428106000000000;0.236045000000000;-9.75711700000000
0.408327000000000;0.236878000000000;-9.77283000000000
0.417825000000000;0.238847000000000;-9.78556700000000
0.399712000000000;0.222672000000000;-9.79714400000000
0.424034000000000;0.235375000000000;-9.76320200000000
0.399262000000000;0.243490000000000;-9.74843400000000
0.410411000000000;0.262063000000000;-9.78698500000000
0.402924000000000;0.251801000000000;-9.75051500000000
0.431085000000000;0.229275000000000;-9.76116800000000
0.413839000000000;0.232576000000000;-9.77789100000000
0.404616000000000;0.265500000000000;-9.76175700000000
0.414730000000000;0.259390000000000;-9.75878500000000
0.430584000000000;0.262015000000000;-9.76635200000000
0.413120000000000;0.251906000000000;-9.75560700000000
0.415790000000000;0.254785000000000;-9.77306700000000
0.421124000000000;0.235670000000000;-9.76948500000000
0.415190000000000;0.242535000000000;-9.76197800000000
0.405093000000000;0.256825000000000;-9.77300900000000
0.417734000000000;0.237758000000000;-9.75810400000000
0.427175000000000;0.212126000000000;-9.75317900000000
0.426545000000000;0.232281000000000;-9.77194300000000
0.412735000000000;0.250951000000000;-9.76089300000000
0.439697000000000;0.277837000000000;-9.76234000000000
0.446511000000000;0.180729000000000;-9.74077700000000
0.413857000000000;0.183120000000000;-9.76378300000000
0.455664000000000;0.218579000000000;-9.71541100000000
0.403556000000000;0.262019000000000;-9.75673600000000
0.410121000000000;0.312427000000000;-9.78553600000000
0.418621000000000;0.304450000000000;-9.77166700000000
0.403278000000000;0.279793000000000;-9.79184900000000
0.407716000000000;0.293297000000000;-9.76508400000000
0.417584000000000;0.291921000000000;-9.76432600000000
0.413462000000000;0.271258000000000;-9.78632100000000
0.407485000000000;0.298531000000000;-9.77776200000000
0.420773000000000;0.285903000000000;-9.77090800000000
0.416547000000000;0.290782000000000;-9.76580100000000
0.416837000000000;0.278427000000000;-9.75694000000000
0.428285000000000;0.273834000000000;-9.75785400000000
0.425082000000000;0.282017000000000;-9.76902000000000
0.408072000000000;0.291545000000000;-9.77230300000000
0.412379000000000;0.269344000000000;-9.80025400000000
0.409389000000000;0.279154000000000;-9.78312700000000
0.420909000000000;0.296886000000000;-9.77801300000000
0.421631000000000;0.273203000000000;-9.77306900000000
0.405409000000000;0.294609000000000;-9.77906900000000
0.392193000000000;0.320746000000000;-9.91826200000000
0.420269000000000;0.272098000000000;-9.76662500000000
0.417283000000000;0.314213000000000;-9.76247500000000
0.396942000000000;0.281257000000000;-9.76641800000000
0.418198000000000;0.278143000000000;-9.75770000000000
0.414249000000000;0.311033000000000;-9.78169400000000
0.421664000000000;0.341332000000000;-9.78068100000000
0.409424000000000;0.339751000000000;-9.77940600000000
0.431994000000000;0.227604000000000;-9.77196400000000
0.406724000000000;0.272406000000000;-9.76351000000000
0.408692000000000;0.266764000000000;-9.78226600000000
0.441347000000000;0.259896000000000;-9.76258400000000
0.444274000000000;0.260285000000000;-9.76505700000000
0.404046000000000;0.221535000000000;-9.75929500000000
0.419148000000000;0.270895000000000;-9.77728800000000
0.429094000000000;0.257596000000000;-9.75706400000000
0.421714000000000;0.259576000000000;-9.78359100000000
0.426091000000000;0.259973000000000;-9.76667400000000
0.434035000000000;0.262658000000000;-9.75844000000000
0.407675000000000;0.247043000000000;-9.77940600000000
0.432061000000000;0.274152000000000;-9.75867700000000
0.433572000000000;0.252829000000000;-9.77703400000000
0.451587000000000;0.239404000000000;-9.78504000000000
0.426187000000000;0.252898000000000;-9.76801600000000
0.442276000000000;0.252261000000000;-9.77648700000000
0.434098000000000;0.241499000000000;-9.77509500000000
0.421846000000000;0.254122000000000;-9.77784800000000
0.444579000000000;0.251166000000000;-9.77283400000000
0.413705000000000;0.265101000000000;-9.75530400000000
0.422271000000000;0.259362000000000;-9.76939600000000
0.428685000000000;0.269130000000000;-9.77293800000000
0.434693000000000;0.234904000000000;-9.76991300000000
0.432827000000000;0.243314000000000;-9.75850400000000
0.421254000000000;0.250104000000000;-9.77302300000000
0.427849000000000;0.244377000000000;-9.78803900000000
0.424820000000000;0.259297000000000;-9.78115000000000
0.420686000000000;0.246700000000000;-9.77279700000000
0.432808000000000;0.247210000000000;-9.76771800000000
0.417000000000000;0.244519000000000;-9.77794800000000
0.424194000000000;0.257257000000000;-9.75632400000000
0.419193000000000;0.245954000000000;-9.75977700000000
0.422322000000000;0.242342000000000;-9.77157000000000
0.420636000000000;0.240644000000000;-9.76944700000000
0.415311000000000;0.265311000000000;-9.76389300000000
0.417983000000000;0.269390000000000;-9.77274000000000
0.433110000000000;0.246143000000000;-9.76925700000000
0.441795000000000;0.242593000000000;-9.77700300000000
0.414239000000000;0.258905000000000;-9.77020400000000
0.419225000000000;0.261634000000000;-9.77682300000000
0.415198000000000;0.253257000000000;-9.77138200000000
0.426850000000000;0.249786000000000;-9.77944400000000
0.441310000000000;0.240080000000000;-9.77334700000000
0.422911000000000;0.250611000000000;-9.77369800000000
0.447654000000000;0.261545000000000;-9.77101800000000
0.445777000000000;0.255705000000000;-9.76204800000000
0.433382000000000;0.258906000000000;-9.78589400000000
0.430396000000000;0.250949000000000;-9.77614800000000
0.444404000000000;0.256434000000000;-9.77670300000000
0.406525000000000;0.257022000000000;-9.77995200000000
0.418080000000000;0.255058000000000;-9.78200900000000
0.405178000000000;0.247534000000000;-9.76395000000000
0.427317000000000;0.242279000000000;-9.78026200000000
0.430345000000000;0.244353000000000;-9.78360600000000
0.442382000000000;0.259161000000000;-9.77813600000000
0.410745000000000;0.263887000000000;-9.78923700000000
0.425168000000000;0.256309000000000;-9.77508500000000
0.417711000000000;0.246799000000000;-9.77392100000000
0.436738000000000;0.273131000000000;-9.76967400000000
0.429724000000000;0.259159000000000;-9.78356900000000
0.425897000000000;0.248494000000000;-9.76115100000000
0.422648000000000;0.255946000000000;-9.77090400000000
0.436168000000000;0.266587000000000;-9.77801000000000
0.414102000000000;0.257064000000000;-9.78983000000000
0.433254000000000;0.225369000000000;-9.78483500000000
0.422898000000000;0.253728000000000;-9.75882400000000
0.411740000000000;0.252489000000000;-9.76365100000000
0.421465000000000;0.243312000000000;-9.76600300000000
0.424578000000000;0.234789000000000;-9.76793300000000
0.431108000000000;0.231589000000000;-9.75507400000000
0.430025000000000;0.255405000000000;-9.75920500000000
0.447111000000000;0.254481000000000;-9.75657700000000
0.436533000000000;0.245113000000000;-9.77967500000000
0.419535000000000;0.238137000000000;-9.77302900000000
0.446240000000000;0.267870000000000;-9.76935800000000
0.411644000000000;0.260684000000000;-9.76544100000000
0.423672000000000;0.255770000000000;-9.78068000000000
0.411545000000000;0.265968000000000;-9.77839900000000
0.425142000000000;0.248580000000000;-9.76648200000000
0.430133000000000;0.247275000000000;-9.76323800000000
0.432146000000000;0.252624000000000;-9.77160100000000
0.425194000000000;0.250931000000000;-9.76357700000000
0.419515000000000;0.238441000000000;-9.76998300000000
0.427815000000000;0.241975000000000;-9.77642700000000
0.434866000000000;0.269423000000000;-9.78624600000000
0.432643000000000;0.248677000000000;-9.75696800000000
0.414992000000000;0.248810000000000;-9.78144500000000
0.436775000000000;0.250934000000000;-9.77039200000000
0.432495000000000;0.262873000000000;-9.78573900000000
0.443307000000000;0.244987000000000;-9.77103100000000
0.423050000000000;0.234024000000000;-9.75510300000000
0.431887000000000;0.252752000000000;-9.75130800000000
0.432272000000000;0.250744000000000;-9.76538800000000
0.434071000000000;0.272469000000000;-9.76331000000000
0.431100000000000;0.273129000000000;-9.77448700000000
0.424145000000000;0.258921000000000;-9.76755700000000
0.421311000000000;0.240230000000000;-9.77010500000000
0.426896000000000;0.247551000000000;-9.77819900000000
0.420217000000000;0.251044000000000;-9.76358900000000
0.425043000000000;0.244340000000000;-9.77825500000000
0.418033000000000;0.262675000000000;-9.77361100000000
0.419398000000000;0.245659000000000;-9.76771800000000
0.435580000000000;0.243744000000000;-9.76830700000000
0.430113000000000;0.252065000000000;-9.78351900000000
0.422364000000000;0.257538000000000;-9.78008700000000
0.430340000000000;0.245481000000000;-9.77341500000000
0.427991000000000;0.241959000000000;-9.75525400000000
0.437874000000000;0.246258000000000;-9.77286000000000
0.422046000000000;0.233987000000000;-9.69983300000000
0.433493000000000;0.244114000000000;-9.79078200000000
0.420219000000000;0.252747000000000;-9.72547000000000
0.432222000000000;0.249995000000000;-9.75737300000000
0.429736000000000;0.248140000000000;-9.76760400000000
0.423017000000000;0.244981000000000;-9.76459400000000
0.444431000000000;0.255977000000000;-9.76137200000000
0.432376000000000;0.255593000000000;-9.76656600000000
0.424373000000000;0.271546000000000;-9.77453600000000
0.450370000000000;0.256094000000000;-9.76670000000000
0.417471000000000;0.244230000000000;-9.76019400000000
0.430039000000000;0.244161000000000;-9.77055300000000
0.427462000000000;0.262821000000000;-9.76432000000000
0.437108000000000;0.273640000000000;-9.77995000000000
0.425125000000000;0.249130000000000;-9.77723700000000
0.459124000000000;0.248256000000000;-9.75792000000000
0.445368000000000;0.258476000000000;-9.77635200000000
0.442266000000000;0.259554000000000;-9.76836600000000
0.420793000000000;0.246428000000000;-9.78643300000000
0.447945000000000;0.266828000000000;-9.76339400000000
0.444421000000000;0.242672000000000;-9.75755100000000
0.425661000000000;0.261458000000000;-9.77963800000000
0.427660000000000;0.246059000000000;-9.77536300000000
0.435153000000000;0.259714000000000;-9.76450000000000
0.426161000000000;0.262763000000000;-9.76401900000000
0.434179000000000;0.258934000000000;-9.77393900000000
0.444617000000000;0.249575000000000;-9.76822600000000
0.421650000000000;0.248753000000000;-9.77094800000000
0.437924000000000;0.233117000000000;-9.76773000000000
0.418340000000000;0.264406000000000;-9.77895200000000
0.419942000000000;0.258909000000000;-9.77479200000000
0.418815000000000;0.252800000000000;-9.77386500000000
0.441562000000000;0.255694000000000;-9.76975300000000
0.425438000000000;0.257966000000000;-9.77164900000000
0.412450000000000;0.251274000000000;-9.78202300000000
0.438594000000000;0.259755000000000;-9.75954200000000
0.428983000000000;0.271723000000000;-9.77118700000000
0.429744000000000;0.234969000000000;-9.74939000000000
0.432063000000000;0.261871000000000;-9.77193000000000
0.437701000000000;0.257926000000000;-9.77297900000000
0.438807000000000;0.257307000000000;-9.77269100000000
0.422302000000000;0.266276000000000;-9.77029900000000
0.428029000000000;0.260204000000000;-9.76781900000000
0.420378000000000;0.245289000000000;-9.76576400000000
0.432034000000000;0.241809000000000;-9.76941300000000
0.435333000000000;0.242234000000000;-9.79582100000000
0.438824000000000;0.256675000000000;-9.75780600000000
0.411563000000000;0.251940000000000;-9.77891700000000
0.419722000000000;0.248663000000000;-9.78098000000000
0.406182000000000;0.264687000000000;-9.75005000000000
0.429711000000000;0.239627000000000;-9.76848100000000
0.429349000000000;0.239229000000000;-9.74906000000000
0.432676000000000;0.270380000000000;-9.78670300000000
0.412331000000000;0.248118000000000;-9.77233000000000
0.439762000000000;0.251459000000000;-9.76819900000000
0.426381000000000;0.249552000000000;-9.77440400000000
0.429975000000000;0.266097000000000;-9.75247100000000
0.451452000000000;0.245691000000000;-9.78288800000000
0.434560000000000;0.253846000000000;-9.76249300000000
0.414291000000000;0.258643000000000;-9.79734300000000
0.418808000000000;0.264825000000000;-9.75445800000000
0.420373000000000;0.247855000000000;-9.75580900000000
0.442405000000000;0.259866000000000;-9.78203200000000
0.427486000000000;0.252386000000000;-9.77964200000000
0.426002000000000;0.246983000000000;-9.77207100000000
0.423170000000000;0.246727000000000;-9.75412700000000
0.437473000000000;0.262612000000000;-9.79433600000000
0.410680000000000;0.260898000000000;-9.75292800000000
0.419118000000000;0.247088000000000;-9.76598500000000
0.433618000000000;0.249576000000000;-9.75657900000000
0.431274000000000;0.254521000000000;-9.76663900000000
0.425519000000000;0.270395000000000;-9.77269600000000
0.425137000000000;0.249031000000000;-9.77572900000000
0.427957000000000;0.256577000000000;-9.77329800000000
0.411618000000000;0.262022000000000;-9.77635900000000
0.434247000000000;0.257335000000000;-9.79604100000000
0.434550000000000;0.267589000000000;-9.76610200000000
0.431680000000000;0.236180000000000;-9.79304200000000
0.419858000000000;0.247674000000000;-9.76522700000000
0.410351000000000;0.240226000000000;-9.78220400000000
0.436240000000000;0.234150000000000;-9.76997700000000
0.417694000000000;0.261359000000000;-9.76518400000000
0.431655000000000;0.263495000000000;-9.77066400000000
0.416491000000000;0.261861000000000;-9.77131000000000
0.433958000000000;0.251412000000000;-9.78356800000000
0.426161000000000;0.259457000000000;-9.77162100000000
0.421275000000000;0.273714000000000;-9.78580800000000
0.431622000000000;0.252224000000000;-9.77109000000000
0.431523000000000;0.261773000000000;-9.77972500000000
0.443679000000000;0.249577000000000;-9.76583400000000
0.430684000000000;0.247360000000000;-9.75250500000000
0.432376000000000;0.255941000000000;-9.77889100000000
0.434377000000000;0.246588000000000;-9.76602900000000
0.422525000000000;0.239546000000000;-9.77401100000000
0.433734000000000;0.254519000000000;-9.76774000000000
0.431816000000000;0.267964000000000;-9.76205300000000
0.431496000000000;0.256964000000000;-9.75550700000000
0.422555000000000;0.236222000000000;-9.76857000000000
0.424703000000000;0.266569000000000;-9.77041200000000
0.435623000000000;0.249890000000000;-9.78420400000000
0.430716000000000;0.276165000000000;-9.78148000000000
0.425837000000000;0.252343000000000;-9.77347300000000
0.415685000000000;0.235225000000000;-9.76345100000000
0.441489000000000;0.267251000000000;-9.77301600000000
0.431837000000000;0.238839000000000;-9.77296400000000
0.422551000000000;0.265356000000000;-9.77126400000000
0.438784000000000;0.256982000000000;-9.78473900000000
0.416181000000000;0.248932000000000;-9.75897600000000
0.430760000000000;0.263896000000000;-9.77424200000000
0.423462000000000;0.251237000000000;-9.76708500000000
0.450343000000000;0.250953000000000;-9.75649900000000
0.444178000000000;0.252617000000000;-9.77152100000000
0.439064000000000;0.258519000000000;-9.76873900000000
0.445092000000000;0.243332000000000;-9.76494200000000
0.434331000000000;0.235324000000000;-9.76163200000000
0.425201000000000;0.245343000000000;-9.76546000000000
0.433852000000000;0.251086000000000;-9.78177800000000
0.422864000000000;0.258228000000000;-9.77117400000000
0.420815000000000;0.250786000000000;-9.76121700000000
0.426024000000000;0.257139000000000;-9.76062900000000
0.426896000000000;0.253911000000000;-9.77607000000000
0.417546000000000;0.229978000000000;-9.77842900000000
0.421654000000000;0.249481000000000;-9.76584300000000
0.434705000000000;0.255054000000000;-9.76390200000000
0.437911000000000;0.245231000000000;-9.78730500000000
0.425231000000000;0.225071000000000;-9.76815300000000
0.406888000000000;0.239388000000000;-9.76839400000000
0.441951000000000;0.231949000000000;-9.76731000000000
0.421519000000000;0.249485000000000;-9.77226700000000
0.422242000000000;0.247324000000000;-9.77388000000000
0.423987000000000;0.262702000000000;-9.77201000000000
0.415012000000000;0.268486000000000;-9.76042000000000
0.426845000000000;0.243273000000000;-9.76869200000000
0.429463000000000;0.248117000000000;-9.77600500000000
0.421576000000000;0.250677000000000;-9.75796000000000
0.413971000000000;0.258013000000000;-9.78984900000000
0.417355000000000;0.249465000000000;-9.76589500000000
0.415935000000000;0.254086000000000;-9.77887300000000
0.441250000000000;0.272437000000000;-9.75658300000000
0.417528000000000;0.250766000000000;-9.77388500000000
0.414526000000000;0.264690000000000;-9.77709600000000
0.429757000000000;0.235425000000000;-9.76040200000000
0.419584000000000;0.256600000000000;-9.76398800000000
0.445470000000000;0.245063000000000;-9.78584400000000
0.430212000000000;0.261810000000000;-9.79465000000000
0.436021000000000;0.244425000000000;-9.77348500000000
0.418297000000000;0.265554000000000;-9.76705600000000
0.434005000000000;0.253437000000000;-9.77852900000000
0.420938000000000;0.249509000000000;-9.76036500000000
0.437359000000000;0.244724000000000;-9.75868500000000
0.456919000000000;0.244616000000000;-9.76990500000000
0.435131000000000;0.255926000000000;-9.78032800000000
0.425490000000000;0.255074000000000;-9.75820300000000
0.440081000000000;0.244586000000000;-9.75105700000000
0.428988000000000;0.243710000000000;-9.77932400000000
0.420131000000000;0.231181000000000;-9.78103500000000
0.407697000000000;0.257757000000000;-9.75953300000000
0.424461000000000;0.274885000000000;-9.75619900000000
0.435385000000000;0.260335000000000;-9.77134700000000
0.439228000000000;0.270316000000000;-9.76559100000000
0.450043000000000;0.262137000000000;-9.76937300000000
0.424465000000000;0.247400000000000;-9.76738100000000
0.427601000000000;0.254026000000000;-9.76311500000000
0.424270000000000;0.256254000000000;-9.75824300000000
0.439218000000000;0.262212000000000;-9.76050400000000
0.447816000000000;0.241287000000000;-9.77833800000000
0.429924000000000;0.243811000000000;-9.77901700000000
0.426063000000000;0.248987000000000;-9.77951700000000
0.435157000000000;0.246721000000000;-9.75900800000000
0.410897000000000;0.249168000000000;-9.75961300000000
0.413055000000000;0.243689000000000;-9.75527500000000
0.413917000000000;0.268404000000000;-9.78305100000000
0.439165000000000;0.245024000000000;-9.77491300000000
0.423501000000000;0.249257000000000;-9.75610200000000
0.435584000000000;0.238718000000000;-9.78424700000000
0.428256000000000;0.256640000000000;-9.77588300000000
0.428216000000000;0.257699000000000;-9.75871800000000
0.413241000000000;0.261551000000000;-9.76860900000000
0.433829000000000;0.256487000000000;-9.76217200000000
0.436282000000000;0.243669000000000;-9.77106200000000
0.434573000000000;0.257796000000000;-9.76580500000000
0.432505000000000;0.256334000000000;-9.75895100000000
0.419785000000000;0.266256000000000;-9.77252500000000
0.411437000000000;0.252301000000000;-9.76610900000000
0.431883000000000;0.255382000000000;-9.78106600000000
0.447133000000000;0.248846000000000;-9.78128200000000
0.407168000000000;0.258173000000000;-9.76980700000000
0.448246000000000;0.250697000000000;-9.77519500000000
0.442971000000000;0.247024000000000;-9.77465600000000
0.438761000000000;0.244811000000000;-9.76424600000000
0.431581000000000;0.259853000000000;-9.77202900000000
0.427191000000000;0.260476000000000;-9.77461000000000
0.429080000000000;0.243350000000000;-9.77716600000000
0.425896000000000;0.254789000000000;-9.79205100000000
0.416625000000000;0.258904000000000;-9.77863000000000
0.419953000000000;0.231224000000000;-9.78520000000000
0.422565000000000;0.252779000000000;-9.78049600000000
0.433139000000000;0.254908000000000;-9.77100400000000
0.444234000000000;0.263663000000000;-9.77416600000000
0.417658000000000;0.246856000000000;-9.77062500000000
0.446769000000000;0.253937000000000;-9.76793500000000
0.414118000000000;0.243182000000000;-9.77771600000000
0.433079000000000;0.236648000000000;-9.76158700000000
0.441111000000000;0.250757000000000;-9.76846900000000
0.430409000000000;0.264751000000000;-9.76768700000000
0.431083000000000;0.248053000000000;-9.76077700000000
0.441117000000000;0.268386000000000;-9.77875200000000
0.417673000000000;0.245404000000000;-9.77363500000000
0.428708000000000;0.246763000000000;-9.76714800000000
0.430226000000000;0.265386000000000;-9.77848000000000
0.439127000000000;0.260365000000000;-9.76939600000000
0.433817000000000;0.246195000000000;-9.75881400000000
0.434520000000000;0.257240000000000;-9.75176400000000
0.412819000000000;0.245736000000000;-9.78117500000000
0.425239000000000;0.248372000000000;-9.76639900000000
0.410216000000000;0.237316000000000;-9.76687000000000
0.428655000000000;0.232560000000000;-9.77423700000000
0.413700000000000;0.241161000000000;-9.77181000000000
0.420289000000000;0.246283000000000;-9.75446700000000
0.426261000000000;0.233246000000000;-9.76727200000000
0.432211000000000;0.263510000000000;-9.77476900000000
0.429038000000000;0.257904000000000;-9.77027100000000
0.438253000000000;0.242290000000000;-9.75774900000000
0.424262000000000;0.256058000000000;-9.76790100000000
0.443212000000000;0.244215000000000;-9.77898500000000
0.438072000000000;0.251245000000000;-9.76645800000000
0.423329000000000;0.249066000000000;-9.78778400000000
0.425082000000000;0.238198000000000;-9.77788200000000
0.440635000000000;0.262240000000000;-9.76949400000000
0.432296000000000;0.258389000000000;-9.78672200000000
0.429052000000000;0.256355000000000;-9.76306200000000
0.418952000000000;0.240423000000000;-9.76463700000000
0.442911000000000;0.261668000000000;-9.75855500000000
0.429135000000000;0.265090000000000;-9.76632400000000
0.434825000000000;0.259457000000000;-9.78805600000000
0.450064000000000;0.245829000000000;-9.75282100000000
0.423130000000000;0.247742000000000;-9.78417500000000
0.423642000000000;0.225570000000000;-9.76241600000000
0.432784000000000;0.260757000000000;-9.76072300000000
0.426409000000000;0.248874000000000;-9.77958100000000
0.433829000000000;0.255210000000000;-9.76984300000000
0.418080000000000;0.264404000000000;-9.77198000000000
0.412205000000000;0.247462000000000;-9.76597500000000
0.448309000000000;0.254428000000000;-9.76784600000000
0.438079000000000;0.245368000000000;-9.78299400000000
0.410668000000000;0.256723000000000;-9.77604800000000
0.432929000000000;0.246412000000000;-9.77142200000000