4208859.10985571;-4204653.52570084;-2294091.13939692;-0.0145306594937665;-0.0300159127935693;0.0159600100202903;1135648.86169915;179.084417983421;0.657519705886849;0.658147489126464;1.61873493795501;1.00239980480403;0.930317301286500;1.86702787350088;2.11910321813270;8
4208858.99632706;-4204653.41132003;-2294091.05690583;-0.0242448056040541;0.0385195992453261;0.0201964075542847;1135827.87830475;179.060711285472;0.657518374727875;0.658155009005618;1.61890307316158;1.00252706375001;0.930321680379412;1.86717583244749;2.11929377454547;8
4208858.92677914;-4204653.29196521;-2294090.98262412;-0.00604520483989027;-0.0263704430197826;-0.0229436551756802;1136006.87063048;179.134128419514;0.657517059424917;0.658162543363710;1.61907121988494;1.00265433693805;0.930326080963969;1.86732381551286;2.11948435978239;8
4208858.75981933;-4204653.24305907;-2294090.96361675;-0.00616871388896390;0.0190304374375475;0.0252885118704631;1136185.83598306;179.038590387898;0.657515763139732;0.658170093768531;1.61923937953311;1.00278162744341;0.930330506383888;1.86747182558112;2.11967497783913;8
4208858.74846886;-4204653.20438309;-2294090.87277284;0.0164360525337111;0.00205080805642685;-0.00927654821780776;1136364.87633582;179.143917832923;0.657514479819764;0.658177657568049;1.61940754713465;1.00290892718010;0.930334950485264;1.86761985527331;2.11986561838920;8
4208858.67880672;-4204653.16907454;-2294090.80626458;0.00178036284652873;0.00530791461271085;0.00918564082607246;1136543.94693120;179.171302287108;0.657513214687404;0.658185237244722;1.61957573015301;1.00303624619821;0.930339418715264;1.86776791377197;2.12005629427699;8
4208858.57189790;-4204653.22552774;-2294090.79981654;0.00523774540457737;0.00644080709595503;-0.000631458185237297;1136723.06523715;179.146694937607;0.657511967199986;0.658192831957917;1.61974392145135;1.00316357749405;0.930343910095604;1.86791599439873;2.12024699630521;8
4208858.65626579;-4204653.31958736;-2294090.77891942;0.0262573479235482;-0.0428552740900835;-0.0160818447042430;1136902.24716072;179.225829050236;0.657510732091488;0.658200438948771;1.61991211494574;1.00329091242888;0.930348418952728;1.86806408904936;2.12043771324654;8
4208858.63456650;-4204653.29340972;-2294090.69318201;0.0186733280883849;0.000310000360855783;-0.00232232940179654;1137081.33201402;179.158474984268;0.657509516155511;0.658208063596101;1.62008033590084;1.00341827857136;0.930352953893297;1.86821222391637;2.12062848122005;8
4208858.55343332;-4204653.20721595;-2294090.73430379;0.0131273625036851;0.0170998885971415;0.00106375731735934;1137260.45014867;179.186253650698;0.657508319044167;0.658215703427173;1.62024857125235;1.00354566372640;0.930357512922002;1.86836038667482;2.12081928359767;8
4208858.57545750;-4204653.12592707;-2294090.82994531;0.0334306575051520;-0.0199590201079173;-0.00682741832835693;1137439.66516198;179.221328217638;0.657507136654262;0.658223356368690;1.62041681204243;1.00367305707390;0.930362091672135;1.86850856737942;2.12101010649793;8
4208858.61967608;-4204653.12866663;-2294090.81238076;-0.00289840224754852;0.0164729530241500;0.00994845882403161;1137618.80401018;179.090268987097;0.657505969851609;0.658231024882488;1.62058506476061;1.00380046487486;0.930366692497295;1.86865677282735;2.12120095887130;8
4208858.63053687;-4204653.08500992;-2294090.82783235;0.0166738200558717;-0.0261573549843004;-3.39055862729043e-05;1137797.93888191;179.100245234550;0.657504820841882;0.658238708914056;1.62075333321695;1.00392789230789;0.930371316917691;1.86880500707726;2.12139184674373;8
4208858.49526600;-4204653.03786162;-2294090.79388445;-0.0372440909816634;0.0189802060186482;0.0432594147072430;1137976.95405710;179.115693505964;0.657503691657673;0.658246410807601;1.62092162408403;1.00405534662488;0.930375968028280;1.86895327745446;2.12158278000029;8
4208858.51242326;-4204653.01860711;-2294090.80275132;-0.0247850036106854;0.0389920311633696;0.00583173971299698;1138156.08129254;179.160297566356;0.657502576004090;0.658254125067714;1.62108991676142;1.00418280513698;0.930380637492352;1.86910156193992;2.12177372850618;8
4208858.52373879;-4204653.06375959;-2294090.78711990;-0.0308027257128569;-0.0122838018214721;0.00203208295221917;1138335.28194419;179.177652181713;0.657501477010644;0.658261854637477;1.62125821999103;1.00431027767355;0.930385329603788;1.86924987025021;2.12196470547254;8
4208858.53610365;-4204653.03554106;-2294090.79632352;-0.00342651140948206;0.00673296219309737;0.00232341666154412;1138514.46185679;179.230407265501;0.657500395080063;0.658269599302093;1.62142653854626;1.00443776917975;0.930390044495198;1.86939820658892;2.12215571694272;8
4208858.52364920;-4204653.06038846;-2294090.79042015;-0.0119415198531331;0.000661823380971071;-0.00244167039578176;1138693.66647002;179.201595456417;0.657499330300501;0.658277359517016;1.62159486866235;1.00456527601374;0.930394782551096;1.86954656787960;2.12234675848292;8
4208858.58324248;-4204653.12132277;-2294090.84230097;0.00393064990783070;-0.00562550060615632;-0.00569116119182823;1138872.93585010;179.216330520476;0.657498280872268;0.658285133187496;1.62176320332459;1.00469279074690;0.930399541017549;1.86969494666464;2.12253782000748;8
4208858.57634311;-4204652.98032042;-2294090.94168593;-0.0229158135622114;-0.0203006574836954;0.0244653117040093;1139052.16608513;179.218497676385;0.657497250399856;0.658292923080468;1.62193156228039;1.00482033416998;0.930404324399451;1.86984336231207;2.12272892841831;8
4208858.41643219;-4204652.80660330;-2294090.86687685;0.00434309340128311;-0.00343276135183892;-0.00688250177135713;1139231.28316714;179.300881099156;0.657496239489312;0.658300732050778;1.62209994973361;1.00494791008809;0.930409135144952;1.86999181968450;2.12292008980022;8
4208858.56589682;-4204652.91428126;-2294090.92660211;0.00452290882068590;0.00658805439411121;-0.00939544937321867;1139410.68449010;179.256826515633;0.657495238390687;0.658308549556306;1.62226831358312;1.00507546435371;0.930413958905042;1.87014026644558;2.12311123241977;8
4208858.54235364;-4204652.92707498;-2294090.98543592;0.0121277944433075;-0.0209004849013495;-0.0116292996355948;1139589.97557363;179.273084266566;0.657494258137166;0.658316385135136;1.62243670324044;1.00520304969647;0.930418810225123;1.87028875269100;2.12330242536515;8
4208858.64930670;-4204652.99616468;-2294091.08471841;0.00992629464864568;-0.00948337852467946;-0.00179525197305077;1139769.29329774;179.251132288874;0.657493291826095;0.658324233322139;1.62260509360960;1.00533063864491;0.930423680360456;1.87043725229779;2.12349363262089;8
4208858.43542481;-4204652.88558571;-2294091.09037862;-0.0108202169562246;0.00102032863236969;-0.00308028045005517;1139948.34747649;179.218576355825;0.657492349462967;0.658332102876877;1.62277352519073;1.00545827486828;0.930428582579352;1.87058580699752;2.12368491161981;8
4208858.50424709;-4204652.96465661;-2294091.13758057;-0.0222071980939735;0.0272871769802053;0.00749759203330110;1140127.63955342;179.193768717658;0.657491417376013;0.658339982337681;1.62294194253415;1.00558589853880;0.930433499110762;1.87073435984482;2.12387618387799;8
4208858.54229596;-4204652.89228572;-2294091.18126722;-0.0277387117048062;0.0155318582018823;0.0153607075557850;1140306.85764111;179.229162975062;0.657490503124589;0.658347877730022;1.62311038106650;1.00571354743184;0.930438439559893;1.87088294634819;2.12406749855658;8
4208858.55617355;-4204652.89087595;-2294091.21504177;0.0327303838645406;-0.00682258345090201;-0.00725191429127749;1140486.13843766;179.321737356691;0.657489606003417;0.658355788567023;1.62327882906253;1.00584120995457;0.930443403083839;1.87103155591371;2.12425884083549;8
4208858.66930740;-4204652.98754977;-2294091.31157961;0.0379701343754809;-0.0511531571640867;-0.0346169061866557;1140665.56392535;179.334233117703;0.657488723500991;0.658363712214929;1.62344727586219;1.00596887480631;0.930448386044268;1.87118017748071;2.12445019562140;8
4208858.65443834;-4204652.99507290;-2294091.36236825;-0.0523390445104818;0.0537517399048739;0.0163865225545041;1140844.88233325;179.245689145951;0.657487860666411;0.658371653572357;1.62361574696733;1.00609656880070;0.930453395475181;1.87132883666970;2.12464159817700;8
4208858.79055871;-4204653.06049883;-2294091.40954478;0.00912876705330793;-0.00172983218018814;-0.00172534205396341;1141024.27865565;179.362081445653;0.657487011176810;0.658379607533424;1.62378421870622;1.00622426610987;0.930458423295786;1.87147750892215;2.12483301464134;8
4208858.77534246;-4204653.05786052;-2294091.42745536;0.0341232785268118;0.0160595697083806;-0.0181880441359737;1141203.61681567;179.310944393066;0.657486181879629;0.658387579396220;1.62395271402422;1.00635199224265;0.930463478093507;1.87162621841342;2.12502447838684;8
4208858.66228424;-4204652.94653197;-2294091.30548302;-0.00328534772705734;0.00178861523068727;-0.0159403240892642;1141382.79855971;179.284933968374;0.657485371316409;0.658395569302177;1.62412123650497;1.00647974962823;0.930468558937815;1.87177496778813;2.12521599289342;8
4208858.77651062;-4204653.08203099;-2294091.24016643;-0.00632971928077728;0.0115259806834597;-0.00638471061456594;1141562.12102673;179.255962252714;0.657484572210337;0.658403569726350;1.62428974326227;1.00660749391141;0.930473655362155;1.87192371462889;2.12540749979589;8
4208858.78249817;-4204653.09120680;-2294091.30176376;-0.0370896200280138;-0.0535361151934424;0.0159740069693432;1141741.39065748;179.287788499743;0.657483793018408;0.658411586142329;1.62445826805474;1.00673526205624;0.930478777215435;1.87207249312086;2.12559904670829;8
4208859.12894746;-4204652.74360042;-2294091.18826220;1.12849994540064;0.923194029844305;0.249627639072128;1141920.65227807;179.328208363010;0.657483023430246;0.658419614188300;1.62462681151766;1.00686304854935;0.930483914125789;1.87222129865807;2.12579062696282;8
4208861.07929946;-4204651.24364469;-2294090.43815281;2.80496037912114;1.90502393321020;1.34316524012156;1142099.95182495;179.302077883953;0.657482236141392;0.658427638452030;1.62479536808413;1.00699083260108;0.930489035894030;1.87237011140069;2.12598221323915;8
4208864.47921461;-4204649.10204929;-2294088.51834836;3.85710072297298;2.41724917440597;2.27828441159560;1142279.29512671;179.342301533174;0.657481431746968;0.658435664871851;1.62496393978617;1.00711861505996;0.930494147142946;1.87251893541098;2.12617380951628;8
4208869.14542658;-4204647.01032967;-2294085.70739731;5.24190971915530;2.20478814511347;3.20775278163765;1142458.70012298;179.415578105493;0.657480613740170;0.658443692821511;1.62513248912703;1.00724636250468;0.930499249897913;1.87266773915631;2.12636537219164;8
4208874.79388247;-4204644.74500001;-2294082.11034491;6.03307189805644;2.37454968466069;3.89119030348532;1142638.08972200;179.481699963466;0.657479789317401;0.658451726302587;1.62530103809695;1.00737410001413;0.930504352075642;1.87281654565276;2.12655693341373;8
4208881.28954185;-4204642.43940010;-2294078.04334060;6.88933978120791;2.52171333174644;4.25995477268722;1142817.57983936;179.434656075080;0.657478962229153;0.658459764561996;1.62546957427798;1.00750181845489;0.930509455793418;1.87296534517444;2.12674848028965;8
4208888.43923359;-4204639.74937207;-2294073.79123558;7.65639583316219;2.76162750869458;4.37597517652466;1142996.97826317;179.418644900495;0.657478138413347;0.658467808808133;1.62563811428780;1.00762953758571;0.930514566102038;1.87311415465082;2.12694003708813;8
4208896.04649807;-4204637.10196717;-2294069.69620948;6.90731364515100;2.43518655463892;3.63444039825228;1143176.48161086;179.522024114007;0.657477322264560;0.658475858666249;1.62580663257722;1.00775723613729;0.930519685841428;1.87326295331715;2.12713157544558;8
4208902.70527540;-4204634.57772559;-2294065.99490446;6.90781699371448;2.51650676147195;3.73557569038772;1143355.88469911;179.410389545763;0.657476544966266;0.658483935122420;1.62597518778850;1.00788498736656;0.930524851895470;1.87341181038738;2.12732319102148;8
4208909.60086173;-4204632.21842937;-2294062.25458648;6.72396936201238;2.44914868281957;3.71935740650738;1143535.39254491;179.534909582842;0.657475779254050;0.658492022311681;1.62614373368389;1.00801273154066;0.930530033773143;1.87356067058242;2.12751480683480;8
4208916.49116658;-4204629.86261807;-2294058.59037716;6.74544766803003;2.40466233386336;3.72656724353450;1143714.99580650;179.587063458050;0.657475031105253;0.658500123475527;1.62631228650682;1.00814048769491;0.930535237991629;1.87370955123445;2.12770644716721;8
4208923.21450007;-4204627.39195738;-2294054.81449334;6.81247163965073;2.64270126097483;3.77860933874435;1143894.43225610;179.355216140751;0.657474303759936;0.658508243029157;1.62648086792757;1.00826827784548;0.930540469964611;1.87385847383851;2.12789814137939;8
4208929.80667806;-4204624.85648742;-2294050.95601956;6.58308551926249;2.47913781158703;3.97277536224716;1144073.81773085;179.414105740153;0.657473596417102;0.658516380068780;1.62664947227939;1.00839609625180;0.930545728486531;1.87400743287516;2.12808988189109;8
4208936.40336137;-4204622.88422424;-2294046.82246335;6.13633743376310;1.18829932809274;4.86994423545193;1144253.41852199;179.603301094480;0.657472904251214;0.658524533148055;1.62681806730344;1.00852390901672;0.930551009124374;1.87415639813952;2.12828162604146;8
4208941.87944448;-4204622.53971613;-2294041.17631376;4.64665280918126;-0.350691650489662;6.25219164696038;1144432.90497296;179.463273218409;0.657472246170539;0.658532730095492;1.62698670337635;1.00865177130867;0.930556344931115;1.87430542976725;2.12847345292797;8
4208946.00209902;-4204624.22898293;-2294034.63983296;3.24135178143573;-2.62067423591311;6.79291172654738;1144612.47933120;179.703613462244;0.657471628237020;0.658540969268938;1.62715534696826;1.00877965593607;0.930561739027728;1.87445450019725;2.12866532539528;8
4208948.21743421;-4204626.77674483;-2294027.11347206;2.41662298511006;-3.83925132347302;6.90033448183035;1144791.34762973;179.732503399419;0.843724203806102;0.671076752509844;1.87993472288058;1.27205661928334;1.07806054553879;2.16711077292774;2.51286632051966;7
4208951.80960244;-4204632.32871586;-2294022.12198298;2.50346022800367;-3.62543120669140;7.10469317469108;1144973.41991724;179.700378064630;0.657470489337724;0.658557522755505;1.62749251924926;1.00903535669588;0.930572649032763;1.87475261177046;2.12904901456085;8
4208953.93725007;-4204634.70010589;-2294013.83732893;3.04912563904434;-3.25305566959650;7.37417636125490;1145151.87372198;179.611137194525;0.657469961428289;0.658565854209920;1.62766132500246;1.00916342837764;0.930578172165970;1.87490189701235;2.12924116731652;8
4208957.08895782;-4204637.45399650;-2294006.37224346;3.63999188504882;-2.81392662691698;7.42956558291272;1145331.33393521;179.721947394895;0.657469430185279;0.658574176189717;1.62783003525142;1.00929140511299;0.930583686280884;1.87505109819406;2.12943320188112;8
4208961.03115392;-4204639.68589540;-2293998.71687825;4.37334087063158;-2.06460827773692;7.44117766838541;1145510.70608470;179.565999773260;0.657468900029055;0.658582502087272;1.62799874830310;1.00941938072139;0.930589203978290;1.87520030691055;2.12962524337344;8
4208965.77041541;-4204641.63635741;-2293991.37272141;4.97828161770058;-1.59387274447641;7.37971442546432;1145690.41893112;179.667694868622;0.657468371554258;0.658590827179203;1.62816743167718;1.00954732574079;0.930594722335558;1.87534949351129;2.12981725171984;8
4208970.81930266;-4204642.93791006;-2293983.86152969;5.22006460616329;-1.27405061480784;7.47418632615326;1145869.98349774;179.632787696603;0.657467854924985;0.658599164013339;1.62833614806970;1.00967530438707;0.930600257413853;1.87549872039657;2.13000931230319;8
4208976.21569382;-4204644.09545511;-2293976.39152228;5.41394033299444;-1.19659492659533;7.57704197216726;1146049.63532011;179.625511273050;0.657467348782943;0.658607509587983;1.62850486102791;1.00980328161894;0.930605806129189;1.87564795438614;2.13020137929757;8
4208981.72819773;-4204645.34378189;-2293968.83116777;5.49255416416311;-1.13015533805994;7.74058262031637;1146229.37555518;179.635752211731;0.657466857363906;0.658615868649174;1.62867357521636;1.00993126387086;0.930611374832952;1.87579720267851;2.13039346209106;8
4208987.20270334;-4204646.42326693;-2293961.10881812;5.57972045516595;-1.22962992984543;7.76118282191631;1146408.94600348;179.619992477456;0.657466384384529;0.658624244660295;1.62884231477583;1.01005927607699;0.930616968602017;1.87594648875022;2.13058559317467;8
4208992.82130855;-4204647.72298047;-2293953.35040849;5.59788897353282;-1.36437914546076;7.72355159801691;1146588.54476295;179.601169332049;0.657465925418585;0.658632633085089;1.62901104507022;1.01018728307846;0.930622581098865;1.87609577938118;2.13077772663066;8
4208998.48801917;-4204648.94971508;-2293945.77706037;5.63225103123623;-1.05843870874690;7.62988445575478;1146768.14215037;179.596907073110;0.657465483613385;0.658641033955264;1.62917977761846;1.01031529819173;0.930628214569407;1.87624508568406;2.13096987855620;8
4209004.16518155;-4204650.09223898;-2293938.04663560;5.68665148835704;-1.05416887467672;7.84800502913863;1146947.66609984;179.553886912834;0.657465059065641;0.658649450802188;1.62934852815494;1.01044333565888;0.930633871581199;1.87639442259214;2.13116206885172;8
4209009.80129452;-4204651.05697102;-2293930.14410802;5.64466897856616;-0.968146604792189;8.08475816085752;1147127.30866258;179.649086633166;0.657464653059252;0.658657884701075;1.62951730469634;1.01057140382935;0.930639553802232;1.87654379789177;2.13135430833160;8
4209015.44653826;-4204652.13182198;-2293921.93436628;6.02119095688789;-1.13125353921350;8.12518801837338;1147306.83200269;179.643240197395;0.657464263694141;0.658666335685169;1.62968609480459;1.01069948946017;0.930645259913683;1.87669320012602;2.13154658062973;8
4209021.42421292;-4204653.26430673;-2293913.61742530;6.05776044999698;-1.07736352092121;8.28135586306469;1147486.43572375;179.652992794242;0.657463884538220;0.658674796574595;1.62985487672460;1.01082756878682;0.930650980289963;1.87684260562723;2.13173885363970;8
4209027.48687202;-4204654.42040568;-2293905.16859575;6.15556371465475;-1.25635594746539;8.48954393394137;1147666.01513132;179.633741905515;0.657463520970720;0.658683271820834;1.63002366580627;1.01095565937502;0.930656721881820;1.87699203116910;2.13193115045836;8
4209033.90222235;-4204655.83618344;-2293896.70615135;6.22256889901040;-1.25359390794873;8.57982673185966;1147845.77365338;179.557637046668;0.657463167015026;0.658691755639102;1.63019243127054;1.01108372887334;0.930662476372799;1.87714144589589;2.13212342857831;8
4209040.01855092;-4204656.98096873;-2293888.28616304;5.95784367691558;-1.13473716485739;8.21490510410085;1148025.34350324;179.568634355075;0.657462837841254;0.658700259135800;1.63036123202831;1.01121184205598;0.930668262340478;1.87729091017580;2.13231577186470;8
4209045.70880907;-4204657.93161214;-2293880.33145423;5.40303994983320;-0.882263480350826;7.62368753363150;1148204.80034766;179.521666432687;0.657462536768571;0.658708780863086;1.63053005406423;1.01133998850192;0.930674081104818;1.87744041248904;2.13250816523409;8
4209051.04019043;-4204658.96981516;-2293873.06744037;5.09887804115568;-0.967885431065030;7.21236912721857;1148384.39832061;179.539565342838;0.657462262133023;0.658717317577786;1.63069887036053;1.01146814213317;0.930679929194750;1.87758992764689;2.13270057414335;8
4209056.07802937;-4204660.05775949;-2293865.76539490;4.99973496843734;-1.25797538030050;7.53102486159568;1148563.93362396;179.577197612627;0.657462011266134;0.658725874383819;1.63086770778026;1.01159632529869;0.930685808337506;1.87773947983241;2.13289303048209;8
4209061.36624748;-4204661.11518180;-2293858.19030367;5.20175174147003;-0.696130128129734;7.89405862074976;1148743.54256569;179.359322874714;0.657461772239610;0.658734443927481;1.63103655159567;1.01172451677159;0.930691704901734;1.87788904949520;2.13308550697123;8
4209066.88597724;-4204662.00723550;-2293850.27493132;5.56793052658828;-0.894696896009353;8.08268129864992;1148923.08206286;179.492437089728;0.657461545643499;0.658743027157811;1.63120541233448;1.01185272677074;0.930697619975992;1.87803864631649;2.13327801698036;8
4209072.62709301;-4204662.84411335;-2293842.09350359;5.87506358736926;-0.841992492946592;8.35921474506979;1149102.63620630;179.542343620460;0.657461331656062;0.658751623524551;1.63137428177604;1.01198094775369;0.930703553296749;1.87818826302357;2.13347055052934;8
4209078.52072230;-4204663.45903050;-2293833.47979383;6.11199905871058;-0.683883984122466;8.65323227370033;1149282.03094511;179.557355050051;0.657461131847299;0.658760235698288;1.63154317854001;1.01210919795001;0.930709507863327;1.87833791727358;2.13366313180939;8
4209084.72112044;-4204664.22748282;-2293824.95172067;6.00976918271567;-0.598444288393551;8.48278676633834;1149461.64714576;179.513743842988;0.657460943049356;0.658768856374110;1.63171205483610;1.01223743134673;0.930715476267480;1.87848756388251;2.13385569921695;8
4209090.47867197;-4204664.68901192;-2293816.88045334;5.41279991569295;-0.469639784983573;7.55652777355399;1149641.11535706;179.532401806972;0.657460782697229;0.658777495689684;1.63188095874231;1.01236570453767;0.930721478000816;1.87863725426644;2.13404832486094;8
4209095.29286223;-4204665.16197411;-2293810.13531386;4.15666178316264;-0.283383574946665;5.92780392500203;1149820.64017987;179.441835272244;0.657460662069917;0.658786154885342;1.63204986547194;1.01249400249223;0.930727521908548;1.87878697127295;2.13424098651200;8
4209098.77958574;-4204665.80858316;-2293804.82746237;2.62007935033589;-0.839017540712393;4.62766352952369;1150000.12681487;179.499416785793;0.657460589051020;0.658794839752661;1.63221878189364;1.01262233656030;0.930733617658699;1.87893672565268;2.13443369901884;8
4209100.64961237;-4204667.10366698;-2293800.30023638;1.09235805162493;-1.65355996746584;4.51347707576259;1150179.52926697;179.321369087642;0.657460567909892;0.658803560884550;1.63238772350764;1.01275072231436;0.930739775764720;1.87908653607252;2.13462648620251;8
4209100.85421759;-4204669.38870761;-2293795.83205603;-0.457962799879473;-3.05799386473835;4.48661284254869;1150358.87056731;179.415368997809;0.657460598047150;0.658812325337012;1.63255670292730;1.01287916967416;0.930746000797466;1.87923641574799;2.13481936440373;8
4209098.99981469;-4204672.92032625;-2293791.79146141;-3.17989408557810;-4.21367366244643;3.37463765760526;1150538.25229541;179.366276577137;0.657460687853293;0.658821137051868;1.63272571254936;1.01300767717014;0.930752301473835;1.87938636238498;2.13501233090685;8
4209094.98354782;-4204677.76760926;-2293788.94666263;-4.79973855184085;-5.12657416963488;2.74238386432968;1150717.74794415;179.345263799463;0.657460840233793;0.658829991573874;1.63289472408069;1.01313622160383;0.930758676692382;1.87953635085058;2.13520535258190;8
4209089.82633777;-4204683.08543419;-2293786.20843467;-5.38204692106289;-5.51753363266966;2.58353507720118;1150897.05149768;179.359401503085;0.657461033426515;0.658838880645764;1.63306377144599;1.01326482037485;0.930765105235915;1.87968640010355;2.13539845437415;8
4209084.40351170;-4204688.52096682;-2293783.61720137;-5.23927473627174;-5.50102994404059;2.52808794662459;1151076.35349239;179.452155611230;0.657461249360496;0.658847788651752;1.63323282639531;1.01339343654720;0.930771563286056;1.87983647380222;2.13559158676796;8
4209079.12766426;-4204693.79962057;-2293781.18296634;-5.61598242271669;-4.97981339451858;2.25067078830844;1151255.71808774;179.115351581391;0.657461479686978;0.658856708277967;1.63340188157663;1.01352205847231;0.930778039768381;1.87998656007248;2.13578473378360;8
4209074.86750612;-4204699.04709558;-2293779.24885487;-4.91640048565864;-4.78710599164022;0.979409534381076;1151435.75417881;179.449000589308;0.657461705993014;0.658865621121638;1.63357087227133;1.01365061496252;0.930784508650228;1.88013658979250;2.13597780079533;8
4209070.20479699;-4204703.05470514;-2293777.54926585;-3.97109639855888;-3.54814181658251;1.30823543013639;1151614.84868752;179.179981716649;0.657461960246288;0.658874554758293;1.63373994494057;1.01377926307674;0.930791012031611;1.88028671105586;2.13617099269175;8
4209065.88794285;-4204705.21338752;-2293775.91629664;-2.43931754079120;-2.81774522279696;1.55695105948495;1151792.90240740;179.360098718183;0.657462227276902;0.658883497280638;1.63390909940128;1.01390799364329;0.930797530768464;1.88043691422790;2.13636429664155;8
4209064.46602760;-4204708.43719409;-2293774.25064927;-1.63304778551378;-2.22410228123566;1.99260362947215;1151972.95556692;179.274910706074;0.657462447840100;0.658892403564418;1.63407805570763;1.01403650585027;0.930803991071585;1.88058691953869;2.13655732362533;8
4209063.38735848;-4204711.41475662;-2293772.02462653;-1.02767695014866;-2.34447482978893;2.84437774398938;1152152.76469843;179.202549229092;0.657462678090419;0.658901323643809;1.63424703422099;1.01416504022125;0.930810468023103;1.88073695562178;2.13675038903669;8
4209062.47030991;-4204712.83490389;-2293768.44578229;0.0460285325058495;-1.94924522877487;4.09970981395328;1152331.43742286;179.151313360247;0.657462923477512;0.658910267521496;1.63441614364897;1.01429370137810;0.930816972553061;1.88088712234765;2.13694363043776;8
4209063.55756213;-4204714.58667132;-2293764.05255432;1.79281221633958;-0.995425600612875;4.84312183704010;1152510.80216161;179.196983447301;0.657463142295129;0.658919197394811;1.63458516920778;1.01442226222425;0.930823448443370;1.88103720525832;2.13713675127780;8
4209065.74327214;-4204714.37629276;-2293759.02557769;3.15903417754357;-0.140075791440139;5.24016740067585;1152689.46197233;179.251513968327;0.657463357788996;0.658928127811220;1.63475427051169;1.01455088859750;0.930829922411168;1.88118735627587;2.13732996398922;8
4209069.83549602;-4204715.33188041;-2293753.29984403;3.79957710728992;-0.103333321036412;6.18081867684974;1152869.39614160;179.213010100079;0.657463547812818;0.658937044665310;1.63492324456397;1.01467937413129;0.930836368829060;1.88133738631603;2.13752300418918;8
4209073.32805684;-4204715.09945752;-2293746.53785168;3.86106159508465;-0.638125429135874;7.19067456996133;1153048.09404150;179.204626537627;0.657463769284736;0.658945995764956;1.63509235669288;1.01480800331891;0.930842861742390;1.88148756258771;2.13771624210800;8
4209077.22144399;-4204715.66757519;-2293739.17103550;4.14333871992120;-0.468089060646321;7.60204504437278;1153227.22434121;179.059419993998;0.657463998172746;0.658954959525072;1.63526143435409;1.01493659913411;0.930849368897020;1.88163771918554;2.13790944769036;8
4209081.58175294;-4204716.01399438;-2293732.01930440;4.09981954697566;-0.0523805084810466;6.90330214927057;1153406.45366307;179.112376432913;0.657464235225737;0.658963927655183;1.63543049571487;1.01506518155035;0.930855884953041;1.88178786925251;2.13810264198465;8
4209085.49934354;-4204716.05652863;-2293725.64397719;3.83652624607472;-0.00979293592841620;5.69037389041251;1153585.55177634;179.256929838675;0.657464500105712;0.658972911762461;1.63559957000816;1.01519379126441;0.930862432014501;1.88193804912564;2.13829587629229;8
4209088.69138821;-4204715.99528987;-2293720.71509794;2.79149992962289;-0.0356426329854713;4.04680749739815;1153764.69158726;179.171628629411;0.657464798668363;0.658981911300220;1.63576863517829;1.01532241252250;0.930869013830046;1.88208824148656;2.13848912789204;8
4209090.89709579;-4204716.07888428;-2293717.26681961;1.86316357880690;-0.289295989013430;3.13399670223782;1153943.83069391;179.178881633260;0.657465135855815;0.658990930810433;1.63593769020935;1.01545104739553;0.930875637105358;1.88223844876355;2.13868239990431;8
4209092.46180749;-4204716.64125472;-2293714.30657638;1.07339398467656;-0.824136169299042;3.11236344782775;1154123.02897803;179.126968424578;0.657465503281232;0.658999972650431;1.63610673829512;1.01557969148425;0.930882297585529;1.88238867162253;2.13887569082639;8
4209092.85181642;-4204717.69382822;-2293710.80243350;-0.240550783128091;-1.97253252924144;3.87294136001286;1154301.98789324;179.044960771254;0.657465911827465;0.659009055454323;1.63627584633539;1.01570841205437;0.930889016148498;1.88253897853046;2.13906909285430;8
4209091.81940788;-4204720.22324005;-2293706.76427000;-2.16906766402513;-3.06826992275459;3.92985688356436;1154481.05650348;179.109733592535;0.657466365314423;0.659018184098331;1.63644497487237;1.01583717382205;0.930895798944231;1.88268933822791;2.13926256172444;8
4209088.83997201;-4204723.94789617;-2293703.00522904;-3.93656144641619;-4.08139698171410;3.32989698477333;1154660.11537394;178.995383547245;0.657466875504967;0.659027361385673;1.63661413397862;1.01596599552122;0.930902656264996;1.88283976455242;2.13945611851125;8
4209084.30489222;-4204728.56583208;-2293699.95530120;-5.08824357418524;-5.20229539489983;3.08520326425801;1154839.17038465;179.093352694652;0.657467434597722;0.659036576634930;1.63678330250882;1.01609485380053;0.930909575038950;1.88299023265414;2.13964973025746;8
4209079.01296360;-4204733.96840993;-2293696.58299184;-5.57098138205210;-5.60528368859412;3.55631418814924;1155018.25023803;179.091544636536;0.657468025632310;0.659045824175008;1.63695248499194;1.01622374038937;0.930916539272648;1.88314073855691;2.13984338953663;8
4209073.29925130;-4204739.61960106;-2293692.79276956;-5.76788511047494;-5.81314435104891;3.77973399017055;1155197.21196715;179.096581991555;0.657468642349084;0.659055098577425;1.63712169588648;1.01635266521244;0.930923540702053;1.88329129073956;2.14003710852403;8
4209067.55878685;-4204745.49531244;-2293688.99070709;-5.74590789165420;-5.72840143445075;3.79776073626530;1155376.27932937;178.955890174950;0.657469276523210;0.659064389145686;1.63729090021487;1.01648159133872;0.930930565945672;1.88344185217871;2.14023083709886;8
4209062.13605936;-4204750.79657446;-2293685.41895439;-5.02144068014232;-4.81439442438745;3.37752117155946;1155555.17893948;178.810396299425;0.657469922040350;0.659073687099302;1.63746011263256;1.01661052986768;0.930937604468963;1.88359243040448;2.14042458715903;8
4209057.99432487;-4204755.46979573;-2293682.68567353;-3.36500613080737;-4.31407176012875;2.12542845356977;1155734.46603200;179.610976201522;0.657470558622724;0.659082969338317;1.63762926257898;1.01673940348958;0.930944625596759;1.88374294891380;2.14061825466168;8
4209054.30092671;-4204758.91629814;-2293681.21203356;-3.70154202611102;-3.09518196348192;0.722502144327934;1155913.45637950;178.949854160364;0.657471204520261;0.659092247164626;1.63779840792224;1.01686827915470;0.930951650219193;1.88389346833584;2.14081192475880;8
4209050.05283671;-4204761.93899434;-2293681.50023309;-4.26628885667961;-3.02147911524345;-1.37553077276041;1156092.33160523;179.094660951776;0.657471879480023;0.659101535149992;1.63796753861355;1.01699716031164;0.930958702598601;1.88404399192158;2.14100560194917;8
4209047.33189555;-4204766.16287784;-2293684.23494523;-4.39923724112791;-1.44868785931365;-3.77857199844151;1156273.33832795;178.762768559535;0.851288179101877;0.777450019863778;1.88618843814112;1.21745757273415;1.15287471013323;2.21061686446159;2.52369369433966;7
4209045.36877073;-4204770.93720464;-2293689.17800868;-3.49476769545972;-0.493242409905479;-5.01624852568880;1156455.28764284;178.841457899206;0.657473194277077;0.659120026869421;1.63830518102568;1.01725432541413;0.930972723023209;1.88434446882432;2.14139217327480;8
4209038.28547064;-4204765.34099067;-2293693.52272826;-3.14296727001550;-0.0612773167396918;-5.38514389657993;1156628.89062537;179.027408166897;0.657473989756819;0.659129372886069;1.63847476114842;1.01738370939183;0.930979901720726;1.88449545510948;2.14158649894516;8
4209035.04543279;-4204764.70544705;-2293699.44404312;-3.54370975624308;0.157623165798056;-6.10353615368458;1156807.75095748;178.996037004248;0.657474713635391;0.659138651923531;1.63864382404347;1.01751256107677;0.930986982470490;1.88464594648579;2.14178013707157;8
4209032.03755444;-4204765.19119549;-2293706.19725548;-4.08887404364761;-0.0848578165424491;-7.12558142743370;1156987.47024516;178.988331004520;0.657475447168283;0.659147935174351;1.63881278626125;1.01764132267808;0.930994073060481;1.88479635835999;2.14197366326225;8
4209027.02650541;-4204764.89019180;-2293713.59946132;-4.75176039558474;0.151460156865003;-8.06709033224573;1157165.86970758;178.922507263174;0.657476239786948;0.659157264686960;1.63898187026959;1.01777023464180;0.931001238169950;1.88494691610835;2.14216739006764;8
4209022.66235621;-4204764.98760256;-2293722.49822563;-5.18734550295662;0.367782485163729;-9.21208205188984;1157345.39260211;178.966239499287;0.657477033835480;0.659166584556259;1.63915084414295;1.01789904471549;0.931008397500616;1.88509737840548;2.14236098529261;8
4209016.72183686;-4204764.54754065;-2293731.72645880;-5.65144507510822;0.359924232127562;-9.63625891858116;1157523.88544810;178.824636930553;0.657477877514210;0.659175945728586;1.63931991694597;1.01802797708983;0.931015621162054;1.88524796166008;2.14255474587725;8
4209011.11401716;-4204764.30591765;-2293741.42201964;-5.93029870793238;0.368419117764897;-9.53654407383503;1157702.93016586;178.922839334804;0.657478729698418;0.659185311837370;1.63948894611781;1.01815687223234;0.931022854363938;1.88539851484785;2.14274846313430;8
4209005.19867659;-4204764.13200864;-2293751.22427429;-6.06818034594322;0.181747287319400;-9.87784334533411;1157881.92352238;178.900480847265;0.657479604116450;0.659194697895504;1.63965798545331;1.01828578847312;0.931030117430510;1.88554909477941;2.14294221476684;8
4208998.95364439;-4204763.75884021;-2293761.02325107;-6.04218133788697;0.380740110369123;-9.83896221176361;1158060.67213018;178.980245998494;0.657480501613135;0.659204105060802;1.63982705429964;1.01841474445436;0.931037411778104;1.88569971897530;2.14313602504964;8
4208993.02584873;-4204763.32406890;-2293770.69867892;-5.72013955302577;0.796596203062559;-9.44511046594713;1158239.53757831;178.700783864640;0.657481408539774;0.659213522284923;1.63999611662989;1.01854369747507;0.931044719945686;1.88585034748250;2.14332983853770;8
4208987.47023212;-4204762.70857212;-2293779.65925443;-5.39828087883917;0.544282570187449;-8.65557074944704;1158418.25780556;178.810941615086;0.657482324313548;0.659222953458549;1.64016519874954;1.01867267051371;0.931052044276451;1.88600100433177;2.14352368729436;8
4208982.13273911;-4204762.18238139;-2293788.17065431;-5.14070481682968;0.446347816273848;-8.57132954862420;1158597.01656407;178.825674132082;0.657483251729688;0.659232399427072;1.64033428397810;1.01880165014038;0.931059387342945;1.88615167628517;2.14371755328964;8
4208977.00795011;-4204761.65671004;-2293796.38136211;-4.96659821278019;0.452930013359172;-8.03895377974242;1158775.79504498;178.748981533104;0.657484190964539;0.659241858917500;1.64050337138501;1.01893063602093;0.931066748368395;1.88630236214740;2.14391143531278;8
4208972.20076646;-4204761.33704954;-2293804.09979453;-4.65517145942423;0.321938128234942;-7.27774488295710;1158954.61042046;178.737146296275;0.657485139776685;0.659251331769851;1.64067245209219;1.01905961782503;0.931074125656754;1.88645305335746;2.14410532092138;8
4208967.81484292;-4204760.81313531;-2293810.82950777;-3.99784589499166;0.234658729226450;-6.17017182043227;1159133.30504688;178.784037734748;0.657486096988316;0.659260819839717;1.64084156151579;1.01918862708265;0.931081519690228;1.88660378095302;2.14429925240878;8
4208964.22454981;-4204760.48306781;-2293816.19702609;-2.76395700702343;0.108300752110237;-4.58665908190726;1159312.08072977;178.990076696088;0.657487054779227;0.659270319576100;1.64101067381157;1.01931763340949;0.931088922432351;1.88675451848929;2.14449319206643;8
4208961.72215707;-4204760.17295242;-2293819.71212275;-1.76910002917664;0.114586120241495;-2.55123996304012;1159490.75239334;178.766321480125;0.657488007917552;0.659279829375345;1.64117980198712;1.01944664454799;0.931096329053324;1.88690527489513;2.14468715142960;8
4208960.09473950;-4204760.16499739;-2293821.98143294;-1.56513202533695;0.0365980825503678;-2.37295310892789;1159669.52967235;178.895541609472;0.657488960199938;0.659289348320698;1.64134891848828;1.01957563830806;0.931103741585182;1.88705602720655;2.14488109974606;8
4208958.14688622;-4204760.48173274;-2293824.37700988;-2.53388600736554;-0.611874474825824;-2.24232724586527;1159848.38935257;178.696905458134;0.657489935314056;0.659298887471939;1.64151803037140;1.01970463970141;0.931111184585932;1.88720679367562;2.14507506496253;8
4208955.17781547;-4204761.78490581;-2293826.29022187;-3.54546285384394;-2.02304107685600;-1.32014046191317;1160027.10740376;178.673399799684;0.657490947719731;0.659308466332628;1.64168716253020;1.01983367935654;0.931118682076174;1.88735760780191;2.14526909111133;8
4208951.69376580;-4204764.61352745;-2293826.25033969;-3.52673078024709;-3.33904280804961;1.44952369800657;1160205.87765035;178.720811328540;0.657491987949472;0.659318088662470;1.64185631752290;1.01996274966061;0.931126230032900;1.88750846982077;2.14546317478077;8
4208948.28251994;-4204768.43406380;-2293824.31783465;-3.73994133409536;-3.81065858753257;2.77104783220725;1160384.70256777;178.579637146714;0.657493044595718;0.659327742160089;1.64202549061616;1.02009183940122;0.931133811690709;1.88765936734013;2.14565729973821;8
4208944.38547551;-4204772.74381595;-2293821.36693566;-3.95911126348853;-4.61172291595373;3.21838226434700;1160563.37671955;178.742106359626;0.657494129075180;0.659337429507129;1.64219470300364;1.02022097824503;0.931141437010188;1.88781032370591;2.14585150062670;8
4208940.13568600;-4204777.57954934;-2293817.90163934;-4.43191348051490;-5.02166542308535;3.73627516657750;1160742.04211167;178.606873261707;0.657495238100877;0.659347143932013;1.64236392618101;1.02035013864582;0.931149098875487;1.88796131060923;2.14604573944543;8
4208935.52314798;-4204782.90944021;-2293813.96982564;-4.76957844748051;-5.59859353887402;3.96575809584197;1160920.68671889;178.696943165507;0.657496371928787;0.659356885249052;1.64253316036806;1.02047932114757;0.931156797335899;1.88811232826162;2.14624001663918;8
4208930.66715427;-4204788.93539736;-2293809.98533344;-4.99472268488959;-6.03244704258375;4.35754765627110;1161099.48231425;178.659855181849;0.657497527391165;0.659366647931710;1.64270237257602;1.02060849375882;0.931164526241306;1.88826334492758;2.14643428907799;8
4208925.42980338;-4204795.02871428;-2293805.42068002;-5.21706526263708;-6.29314689305862;4.88394136358653;1161278.06055413;178.679079421459;0.657498708752441;0.659376438406644;1.64287162342567;1.02073771513715;0.931172293153613;1.88841441706906;2.14662863432352;8
4208920.31770902;-4204801.53584439;-2293800.33751469;-5.11164911974757;-6.72409943712269;5.18469025231741;1161456.75067508;178.764189196768;0.657499905127554;0.659386246837356;1.64304086600978;1.02086693428441;0.931180083421567;1.88856549665061;2.14682298586875;8
4208915.10809503;-4204808.17033179;-2293794.95637824;-5.14639137435367;-6.67890921671229;5.70780962736152;1161635.27724447;178.559270955451;0.657501121197542;0.659396075264426;1.64321011823591;1.02099617176673;0.931187901795418;1.88871660159036;2.14701736925563;8
4208909.88302002;-4204814.91888817;-2293789.23458155;-5.17796873727743;-6.72846079401858;6.19986319503966;1161813.86554861;178.603423433855;0.657502355380995;0.659405922456117;1.64337937811913;1.02112542462898;0.931195746286332;1.88886772917772;2.14721178069437;8
4208904.67507461;-4204821.76845327;-2293782.84917677;-5.33158846926491;-6.87073865056741;6.61612370541270;1161992.47180370;178.537217954456;0.657503607560031;0.659415790551642;1.64354865711038;1.02125470270906;0.931203618325929;1.88901889007829;2.14740623424586;8
4208899.33698532;-4204828.56464021;-2293776.22093065;-5.15007742601275;-6.80360117436698;6.51366095066916;1162170.94355194;178.550145627543;0.657504880364734;0.659425678568904;1.64371795448882;1.02138400824730;0.931211519075824;1.88917008423498;2.14760073092550;8
4208894.52911487;-4204835.17541646;-2293769.87246321;-4.60643166776262;-6.42543163215946;6.21383235489813;1162349.51818441;178.573521651491;0.657506159450444;0.659435568881618;1.64388722268693;1.02151328889807;0.931219425925756;1.88932125911261;2.14779519962453;8
4208890.44069248;-4204841.10076611;-2293764.02133574;-3.48779584978209;-5.42355396974566;5.44726659588172;1162528.06060591;178.610083474459;0.657507441006392;0.659445455044430;1.64405646972249;1.02164255063765;0.931227331620764;1.88947241810879;2.14798964617321;8
4208887.56580999;-4204845.71866531;-2293759.22359771;-2.36903119617447;-4.05302677087609;4.21666110929596;1162706.54985924;178.509699088034;0.657508714410586;0.659455321431126;1.64422568114875;1.02177177496323;0.931235217595260;1.88962353950165;2.14818404266261;8
4208885.44793165;-4204849.87273821;-2293754.87940900;-1.81619541291096;-4.08628285249489;4.53377185929754;1162885.11998600;178.517879748325;0.657509989190830;0.659465183344211;1.64439485929499;1.02190096808265;0.931243101412804;1.88977463397219;2.14837840143979;8
4208884.51350093;-4204853.34713372;-2293749.80256132;0.185011663860334;-2.70872547412076;5.36984787622244;1163063.56915226;178.475685878200;0.657511258829740;0.659475042162400;1.64456403951509;1.02203015584882;0.931250979448058;1.88992573049556;2.14857276028845;8
4208885.92740629;-4204855.56695030;-2293743.74651167;2.39790231965996;-1.48245691382523;6.51496179791662;1163242.19897490;178.616235487304;0.657512500402432;0.659484875920851;1.64473320141812;1.02215930391802;0.931258819960271;1.89007679568871;2.14876707350682;8
4208888.70715593;-4204856.56928690;-2293736.55108407;3.57307427674772;-0.900288033894106;7.75436834806793;1163420.58823172;178.413045564598;0.657513734590536;0.659494705147000;1.64490239993157;1.02228847664428;0.931266652088499;1.89022789170850;2.14896142638076;8
4208892.97406774;-4204857.15405665;-2293728.36836398;4.78659838819337;-0.227568213887656;8.68225370719406;1163599.04570062;178.389097476471;0.657514958030359;0.659504527311353;1.64507158058435;1.02241762061625;0.931274471666562;1.89037896910226;2.14915575000294;8
4208898.20733612;-4204857.39059588;-2293719.13436183;5.63735072996073;-0.239928323375059;9.84680352968497;1163777.43787882;178.476144358245;0.657516181675594;0.659514353236227;1.64524076900508;1.02254676669869;0.931282294092318;1.89053005775795;2.14935008534492;8
4208903.94759606;-4204857.49460589;-2293708.74330199;6.04513852706369;-0.124272808652783;10.8933096046546;1163955.80882079;178.418159955863;0.657517415163127;0.659524193220938;1.64540998155482;1.02267593602841;0.931290133463535;1.89068117885770;2.14954446109363;8
4208910.16833541;-4204857.63333389;-2293697.98772051;6.21738831536363;-0.00708386724061396;10.6338444956357;1164134.23659372;178.471686815460;0.657518657425709;0.659534041192841;1.64557917986284;1.02280509401594;0.931297984726192;1.89083229651737;2.14973882922975;8
4208916.32585212;-4204857.61531436;-2293687.35935645;6.26754561994540;-0.0782188602298641;10.7252597157255;1164312.67408838;178.453490533081;0.657519918835169;0.659543903310015;1.64574838290766;1.02293426672643;0.931305859564095;1.89098343300558;2.14993322174079;8
4208922.65296565;-4204857.77809323;-2293676.39222332;6.39727559866241;-0.145942980835976;10.9886200208940;1164491.08914845;178.400526307012;0.657521195300626;0.659553779594668;1.64591757885133;1.02306343889926;0.931313755104678;1.89113457660183;2.15012762105680;8
4208929.03568160;-4204858.09660362;-2293665.29966272;6.41725827259909;-0.460746643805504;11.2465479205043;1164669.48089094;178.464707247987;0.657522488773310;0.659563670423509;1.64608676650489;1.02319261133075;0.931321672992301;1.89128572707766;2.15032202735533;8
4208935.37622348;-4204858.53113806;-2293653.95543439;6.34729723329130;-0.380001548558011;11.2548741268575;1164847.86439113;178.420228654094;0.657523801600248;0.659573578768841;1.64625595781571;1.02332179644857;0.931329616988946;1.89143689668054;2.15051645732164;8
4208941.65574816;-4204859.01314312;-2293642.99119819;6.00812440447469;-0.335589145022873;10.6981370952683;1165026.30541702;178.365745954557;0.657525132816641;0.659583499414175;1.64642513271510;1.02345097668674;0.931337582719064;1.89158806578518;2.15071088533582;8
4208947.41272534;-4204859.37711764;-2293632.88832969;5.21902960572350;-0.134505241203545;9.41277324359241;1165204.79193455;178.432676763866;0.657526490844356;0.659593437104700;1.64659430498467;1.02358017203569;0.931345579488991;1.89173925096501;2.15090533548696;8
4208952.37609533;-4204859.63084840;-2293624.25598881;4.54037389457261;-0.237644194844502;7.57297956739882;1165383.23599502;178.495756260051;0.657527879648477;0.659603392042446;1.64676346445036;1.02370937741341;0.931353610240989;1.89189044480844;2.15109979883817;8
4208956.55649159;-4204859.35547666;-2293617.69716388;4.19215257048951;0.631289841177644;5.64973715709444;1165561.59323072;178.439172511208;0.657529297650819;0.659613357974507;1.64693260914375;1.02383859207843;0.931361669432227;1.89204164286852;2.15129427112559;8
4208961.08001159;-4204857.98494367;-2293613.14002215;4.72190891719089;2.08412263687560;3.02018132492714;1165739.94113241;178.297081655211;0.657530722089584;0.659623311701056;1.64710171342491;1.02396777729249;0.931369724562227;1.89219280682450;2.15148870021009;8
4208965.58842144;-4204855.62069166;-2293611.16317706;4.44401081142307;2.94215427727252;0.883154256362321;1165918.32281252;178.312549037137;0.657532158475242;0.659633255500002;1.64727076787550;1.02409692959436;0.931377781134295;1.89234393118370;2.15168307961289;8
4208969.74666563;-4204852.36090474;-2293611.57633440;3.90571059882377;3.31128352065229;-1.60083906832633;1166096.64861663;178.539246024474;0.657533613697741;0.659643197888704;1.64743979194062;1.02422607126972;0.931385850044570;1.89249503823196;2.15187743954000;8
4208973.03827986;-4204848.64675538;-2293613.86240277;3.13742970246995;3.55984562383823;-2.99425726229504;1166274.90295045;178.398138295019;0.657535098978027;0.659653154677806;1.64760880903396;1.02435523001165;0.931393950412190;1.89264615775658;2.15207181936917;8
4208975.89595989;-4204844.98359718;-2293617.17303573;3.01562362927244;3.46581233036199;-3.48217687735263;1166453.15815751;178.390349389556;0.657536607065511;0.659663125605204;1.64777780295575;1.02448438313485;0.931402076932648;1.89279727304012;2.15226619360044;8
4208979.00872100;-4204841.39201228;-2293620.71727208;3.08548908643241;3.69752232855921;-3.48493127190887;1166631.57367444;178.316013323262;0.657538125853304;0.659673103652553;1.64794676761579;1.02461351461943;0.931410216088093;1.89294837212445;2.15246054409120;8
4208982.34552650;-4204837.66089784;-2293624.22545796;3.46983262447130;3.81587298262682;-3.50509448837039;1166809.94936171;178.319182209673;0.657539656835808;0.659683091291532;1.64811572614531;1.02474264648851;0.931418370684036;1.89309947652393;2.15265490024469;8
4208985.77106012;-4204833.58934668;-2293627.52379952;3.67536815996254;4.00460862823485;-3.43318608852710;1166988.09620566;178.293496140684;0.657541203397646;0.659693092285717;1.64828470281055;1.02487180335515;0.931426545775412;1.89325060984921;2.15284929454127;8
4208989.55882594;-4204829.34028169;-2293630.87136240;3.82850838435741;4.34255657430421;-3.38663466479954;1167166.27725825;178.217398999812;0.657542759144385;0.659703099159647;1.64845366467310;1.02500095080464;0.931434731553454;1.89340173859597;2.15304368113344;8
4208993.49242409;-4204824.88896929;-2293634.31890446;4.09582221156892;4.49208724739508;-3.50171969212449;1167344.43301544;178.245153826581;0.657544328355290;0.659713115772614;1.64862262215426;1.02513010164206;0.931442933772445;1.89355287466535;2.15323807658282;8
4208997.60572928;-4204820.16494490;-2293637.84518822;4.16082863041224;5.03973346598537;-3.31483563048130;1167522.54703044;177.947953878411;0.657545910432266;0.659723141417103;1.64879157794406;1.02525925800010;0.931451151509004;1.89370401994259;2.15343248356238;8
4209002.13981739;-4204815.12573375;-2293641.19209772;4.59215461280108;5.25899957866328;-3.26052959748382;1167700.64942868;178.030308667955;0.657547501240530;0.659733173265677;1.64896053174036;1.02538841609737;0.931459379841582;1.89385517174157;2.15362689790942;8
4209007.12468527;-4204809.85808836;-2293644.64189318;5.19668117353585;5.45193032812851;-3.63833953293603;1167878.80907212;178.160699908594;0.657549099299254;0.659743208396701;1.64912946632097;1.02551755963371;0.931467615655441;1.89400631353302;2.15382129732715;8
4209012.28754117;-4204804.23780302;-2293648.41737255;5.36595508834053;5.77343603483319;-3.82559319081675;1168056.96209535;178.084871489639;0.657550709549512;0.659753250096047;1.64929839359953;1.02564670386661;0.931475864765890;1.89415745854756;2.15401570071432;8
4209017.64855980;-4204798.38292572;-2293652.64870803;5.29867614925797;6.08555358052254;-4.61486600806316;1168235.06061680;178.002860036846;0.657552331061633;0.659763297059905;1.64946730112026;1.02577583687362;0.931484125593100;1.89430859515996;2.15421009217084;8
4209023.19271624;-4204792.43227436;-2293657.49928256;5.57156323725786;6.17830377116562;-4.92718382887234;1168413.25781939;178.140079192146;0.657553963489055;0.659773348480594;1.64963617585653;1.02590494668529;0.931492397320268;1.89445971162229;2.15440445566596;8
4209028.88518522;-4204785.90045864;-2293662.49697521;5.87679942254249;6.57233441525017;-4.92931566582430;1168591.29753715;178.060467084303;0.657555609231979;0.659783407920475;1.64980506353200;1.02603407662280;0.931500684164856;1.89461084981994;2.15459884865992;8
4209034.96342755;-4204779.25339496;-2293667.53007343;6.17280959587869;6.78621728789517;-5.11353407573535;1168769.38014821;178.038050087333;0.657557263530836;0.659793472585004;1.64997393144597;1.02616319223400;0.931508980787593;1.89476197865041;2.15479322739679;8
4209041.24311335;-4204772.20408366;-2293672.62987755;6.63251685398099;7.10753274968032;-4.94086781542392;1168947.35786889;178.050488394794;0.657558930185133;0.659803545215606;1.65014280299634;1.02629231829682;0.931517291812288;1.89491312075934;2.15498762358881;8
4209048.05435182;-4204765.03276427;-2293677.66395580;6.90356043062561;7.38101971683619;-5.12876516844016;1169125.45955690;178.141642190252;0.657560602770339;0.659813620822378;1.65031165130610;1.02642142473095;0.931525609169404;1.89506424877235;2.15518199883950;8
4209054.50255173;-4204756.68655985;-2293682.65958269;7.19854374759331;7.63979352658420;-5.33819672893339;1169302.71082118;177.871093032300;0.657562299900021;0.659823714834940;1.65048057723684;1.02655061934365;0.931533956927167;1.89521546235367;2.15537649212829;8
4209061.33271342;-4204749.11798523;-2293687.99657831;7.47041024723127;7.73676788227773;-5.30885779792181;1169480.45419561;177.845238899399;0.657564004143709;0.659833813652233;1.65064942402309;1.02667974353748;0.931542313147587;1.89536661419687;2.15557089839381;8
4209069.82329896;-4204741.85075800;-2293693.38631575;7.82101808563687;7.86015037822481;-5.30216742700103;1169659.21542702;178.003115605339;0.657565690852835;0.659843892010316;1.65081816175709;1.02680875204169;0.931550642536458;1.89551766090352;2.15576515791182;8
4209077.28407231;-4204733.02018850;-2293698.56892664;8.03449224764064;8.06707034900610;-5.20037643474685;1169836.47675879;177.954837258986;0.657567416324286;0.659854002855400;1.65098703844410;1.02693791557280;0.931559022336047;1.89566885642143;2.15595962291670;8
4209086.07341646;-4204725.67270165;-2293703.72843213;8.44639051529296;8.28839537944149;-4.97018483107119;1170015.17170756;177.878602841495;0.657569130694226;0.659864103861841;1.65115576343630;1.02706692681897;0.931567387367844;1.89581991558699;2.15615389629350;8
4209094.14960571;-4204716.97337283;-2293708.83115640;8.47065877232322;8.70745274358172;-5.14468052936109;1170192.72446096;177.957747016352;0.657570876778917;0.659874229982037;1.65132459373499;1.02719605723289;0.931575792612807;1.89597108924588;2.15634832790322;8
4209103.09895533;-4204708.19575420;-2293713.77783103;9.09869489358561;8.79133179028699;-5.00154796752543;1170370.67358763;177.923786445201;0.657572622247011;0.659884352513067;1.65149338351410;1.02732514719107;0.931584194917668;1.89612222918547;2.15654271139303;8
4209111.66309034;-4204699.77630644;-2293718.60255378;7.88068308214224;8.11565699940720;-4.62485312336840;1170548.57009850;177.792805273948;0.657574392220245;0.659894498588936;1.65166217341017;1.02745425164869;0.931592631235224;1.89627338895155;2.15673712002106;8
4209119.39308897;-4204692.06941239;-2293723.03877040;7.24104391202982;7.65518764303567;-4.34441416231769;1170726.52702800;177.746667275978;0.657576196593221;0.659904680992271;1.65183097817014;1.02758339007629;0.931601117604266;1.89642458926372;2.15693158128039;8
4209126.56347910;-4204684.72784824;-2293727.21230785;7.31201287673522;7.11421630870033;-3.90338154387930;1170904.40236744;178.007895682836;0.657578029560454;0.659914892002491;1.65199979695310;1.02771255843248;0.931609644458058;1.89657582468520;2.15712608846590;8
4209133.45869407;-4204677.99158143;-2293730.81724446;6.16539749110115;6.17479525556011;-3.20859245074679;1171082.27243752;177.750758474854;0.657579886469200;0.659925129097135;1.65216861410020;1.02784173773979;0.931618206725650;1.89672707908136;2.15732061835056;8
4209139.01096966;-4204672.59239867;-2293733.40558027;5.11614856149846;4.69415104408871;-1.53419422759902;1171260.10792730;177.755112512378;0.657581790318086;0.659935420828442;1.65233746349108;1.02797097345732;0.931626840865994;1.89687839986597;2.15751523427967;8
4209143.89003735;-4204668.56187030;-2293733.50226071;4.82536423782190;3.42676123098246;1.23725246777425;1171437.75551629;177.623639923006;0.657583733426755;0.659945766306485;1.65250636600958;1.02810027490480;0.931635540827701;1.89702980225285;2.15770995407048;8
4209148.53007069;-4204665.84604968;-2293730.87735203;4.64167183301195;1.61468452103603;4.00775141793341;1171615.43116611;177.743589416639;0.657585708329475;0.659956158416305;1.65267531083794;1.02822962604855;0.931644296301321;1.89718127175135;2.15790475734403;8
4209152.54822991;-4204665.17406097;-2293725.77181887;3.43388099676316;-0.0535210543433209;6.08132747689847;1171793.24678788;177.661191836256;0.657587721903156;0.659966605471460;1.65284426969028;1.02835900538770;0.931653118030152;1.89733278899177;2.15809961682617;8
4209155.88591688;-4204665.32211392;-2293719.38639374;3.49940573277749;-0.377596802066317;6.68133336199168;1171970.79639734;177.610864433066;0.657589771366506;0.659977094725810;1.65301326361060;1.02848843561916;0.931661995022108;1.89748436690297;2.15829455469903;8
4209159.61112649;-4204665.92327174;-2293712.51658507;3.86934907270500;-0.651030779426294;7.02230628472164;1172148.52743654;177.741914877477;0.657591832369056;0.659987595652784;1.65318222562169;1.02861784031239;0.931670888465468;1.89763592807617;2.15848946648679;8
4209163.69879162;-4204666.80125051;-2293705.39265894;3.90017019114947;-0.586565793811915;7.09654568996104;1172326.27876313;177.598150228760;0.657593904629350;0.659998106226444;1.65335115728686;1.02874722165147;0.931679796726412;1.89778747306698;2.15868435371769;8
4209167.80644354;-4204666.99667996;-2293698.94776576;4.14746654810339;0.482805569254328;5.89705039085531;1172503.98254613;177.619881491832;0.657595991544394;0.660008622535200;1.65352009079045;1.02887661601707;0.931688719431585;1.89793902972770;2.15887925821489;8
4209172.12834992;-4204665.61634368;-2293694.00809590;4.45074207711338;1.99368394699713;3.94262159927032;1172681.56342527;177.627970604720;0.657598085945081;0.660019130342318;1.65368903116467;1.02900602674212;0.931697641435495;1.89809059500615;2.15907417888372;8
4209176.37125677;-4204663.41866832;-2293690.57013582;4.24207321418068;1.94598012558006;3.28293857850913;1172859.07806769;177.662965153512;0.657600193245734;0.660029638168831;1.65385795344976;1.02913543377016;0.931706572595742;1.89824215199408;2.15926909130113;8
4209179.98093811;-4204661.89606526;-2293686.73666437;3.32971194858039;0.632134481069831;4.32226938414060;1173036.51363397;177.526025584796;0.657602331948437;0.660040179129014;1.65402688096653;1.02926486408819;0.931715549429483;1.89839373892998;2.15946404194537;8
4209182.43485684;-4204662.17783495;-2293681.98129452;1.49531506260181;-1.36594714280327;5.05667739694951;1173214.01916998;177.498353607872;0.657604514517500;0.660050772739548;1.65419580129518;1.02939431210106;0.931724594559933;1.89854535608989;2.15965902839233;8
4209182.81869647;-4204664.31635108;-2293677.18832708;-0.634549726409367;-3.17964814770412;4.42659296627854;1173391.44450122;177.430522203625;0.657606755546326;0.660061431206691;1.65436472454231;1.02952380055458;0.931733726934252;1.89869702156946;2.15985407739159;8
4209180.98553126;-4204667.87427627;-2293673.93800097;-2.58354861999690;-3.76590767405736;2.24187695453333;1173568.91944480;177.500546935042;0.657609051160203;0.660072142735647;1.65453361991673;1.02965330405049;0.931742935462057;1.89884870308780;2.16004914845943;8
4209177.64218473;-4204671.56235817;-2293673.17272673;-3.93968144788676;-3.59606064501586;-0.614815860654393;1173746.35288937;177.416229917899;0.657611383143007;0.660082879958896;1.65470248235479;1.02978280968671;0.931752187898740;1.89900038040154;2.16024421765028;8
4209173.48085935;-4204674.03261846;-2293675.24908500;-3.85433880403844;-1.72359461689452;-3.60713142162104;1173923.59516104;177.358849297577;0.657613736009725;0.660093620516051;1.65487133347439;1.02991232935662;0.931761457474313;1.89915205920694;2.16043929564122;8
4209170.45790733;-4204674.38885741;-2293679.91493535;-2.35278049825106;0.780401605379539;-5.33485326269856;1174101.02715531;177.301692910173;0.657616071590443;0.660104321534726;1.65504012905437;1.03004179499282;0.931770686876802;1.89930367285044;2.16063429139112;8
4209169.00732081;-4204672.79982651;-2293685.41000132;-1.01457091945533;2.10136959560837;-5.62142483300523;1174278.42908234;177.394081978665;0.657618388837592;0.660114989379111;1.65520890602448;1.03017123395214;0.931779879875250;1.89945525536220;2.16082924785499;8
4209167.83360547;-4204670.67027148;-2293691.11828702;-1.60922448284278;2.02298937145490;-5.96965991633317;1174455.73949394;177.284262501637;0.657620716024195;0.660125661853330;1.65537768092494;1.03030067820965;0.931789083205782;1.89960684408272;2.16102421310016;8
4209165.74645133;-4204668.96664279;-2293697.33855994;-2.50499822145045;0.921643647795975;-6.53936258934674;1174633.01142758;177.447463661681;0.657623075274910;0.660136365272804;1.65554645248960;1.03043014251094;0.931798331126225;1.89975845470957;2.16121920795546;8
4209162.59572643;-4204668.00647784;-2293703.92593919;-3.59956829136267;0.613938525891017;-6.76263665164848;1174810.30547487;177.254972472008;0.657625470123551;0.660147105367032;1.65571521718085;1.03055962535750;0.931807630189671;1.89991008736832;2.16141423181696;8
4209158.85199707;-4204667.39355772;-2293710.69236308;-3.75003311867690;0.352989858331118;-6.53336919375541;1174987.54914364;177.232216938334;0.657627892096558;0.660157872367091;1.65588397881428;1.03068912405512;0.931816967495015;1.90006173905097;2.16160928075611;8
4209155.64110336;-4204667.05668416;-2293716.81416950;-2.83124297769840;0.456884568591453;-5.30115947327326;1175164.93099924;177.201802588149;0.657630322697879;0.660168648953639;1.65605271469123;1.03081860142249;0.931826317718591;1.90021337755242;2.16180430873560;8
4209153.21678273;-4204666.75801143;-2293721.36682306;-1.99951675012883;0.187248245826292;-4.08187096349494;1175342.19161075;177.340525252548;0.657632761477119;0.660179436858546;1.65622146013457;1.03094808685098;0.931835681769532;1.90036503409981;2.16199935721796;8
4209150.94625246;-4204666.70102454;-2293725.16541367;-2.65763854855217;-0.180480877872465;-3.71877047919402;1175519.40759207;177.163627967216;0.657635217257499;0.660190243337086;1.65639020534000;1.03107758024557;0.931845071014919;1.90051670572008;2.16219442354432;8
4209147.85502483;-4204667.62501466;-2293728.55197528;-3.75541971646861;-1.60281819924619;-3.07420627093369;1175696.67517936;177.282547803593;0.657637707751382;0.660201089260971;1.65655894820161;1.03120709287864;0.931854512742126;1.90066840395285;2.16238952323301;8
4209143.35788992;-4204670.15897522;-2293730.57514602;-4.98925602285862;-3.45978563038104;-0.641456161842127;1175873.80209095;177.134137956886;0.657640249285426;0.660211998172822;1.65672772260708;1.03133666392438;0.931864035152955;1.90082017215369;2.16258471307394;8
4209138.38209985;-4204674.56641748;-2293729.77224011;-5.15938687158783;-5.08309230912677;2.08439759372224;1176051.07483228;177.255594726930;0.657642830921908;0.660222963947799;1.65689652324966;1.03146627492687;0.931873626189194;1.90097199977901;2.16277997499869;8
4209132.84215282;-4204680.14930954;-2293727.18034389;-5.98400112767485;-6.01287549299835;3.00683022915884;1176228.34233040;177.160964073886;0.657645449613273;0.660233976961216;1.65706535114048;1.03159592910370;0.931883276881320;1.90112388330729;2.16297530744683;8
4209126.41352927;-4204686.45931375;-2293723.93757219;-6.91820706250799;-6.13520746887461;3.44598456753319;1176405.50619331;177.005335482603;0.657648106301958;0.660245032783622;1.65723420251332;1.03172562831072;0.931892984756295;1.90127581823836;2.16317070734862;8
4209119.72212761;-4204693.11591771;-2293720.29928826;-6.60077695246599;-6.63505017539288;3.67348263220002;1176582.66001043;177.202684914992;0.657650787379766;0.660256114181017;1.65740305503103;1.03185534333112;0.931902728000429;1.90142777440555;2.16336613425510;8
4209113.35223757;-4204699.53405104;-2293716.70536812;-6.12761661564144;-6.08728717204734;3.45918766847627;1176759.80083899;177.123777692743;0.657653479081934;0.660267202309276;1.65757189219995;1.03198505114989;0.931912483548691;1.90157972612384;2.16356155461361;8
4209107.72027142;-4204705.29479897;-2293713.55046235;-5.37963514313774;-5.10915421420154;2.85757332651180;1176936.96168378;177.054773044985;0.657656171116780;0.660278282901986;1.65774069917874;1.03211473245820;0.931922234030275;1.90173165194083;2.16375694035879;8
4209102.76110662;-4204709.98879857;-2293711.24458121;-4.61641719247221;-4.25980948742313;1.77238643918571;1177114.02876693;177.057227343566;0.657658862567217;0.660289352072036;1.65790948502504;1.03224439701435;0.931931976043807;1.90188355808365;2.16395230161768;8
4209098.35902657;-4204713.64385301;-2293710.34545235;-4.35765980383236;-3.20094324915554;0.225573498704054;1177291.10593929;176.973733518080;0.657661552633405;0.660300407409194;1.65807823244781;1.03237403032237;0.931941707317002;1.90203542836462;2.16414761724755;8
4209094.07819162;-4204716.40043098;-2293711.13498322;-4.22219209491283;-2.14874456122936;-1.94423413415056;1177468.08164852;176.935393481644;0.657664248215794;0.660311456435150;1.65824694552898;1.03250364221794;0.931951438048547;1.90218727133712;2.16434289945707;8
4209090.08914057;-4204717.94598715;-2293714.20741549;-3.61301767183048;-0.758950744259772;-4.01330490823124;1177645.09903818;177.017092160917;0.657666942486195;0.660322488824053;1.65841560877588;1.03263321606684;0.931961156103586;1.90233906754748;2.16453812321288;8
4209087.09013351;-4204717.96102802;-2293719.07278648;-2.81474924092343;0.549965559018828;-5.50687810789925;1177822.16876018;177.020674831788;0.657669623981749;0.660333492044506;1.65858422187464;1.03276274177799;0.931970844513919;1.90249080840763;2.16473327615212;8
4209083.99355559;-4204717.45346883;-2293724.99233332;-3.33949662093173;0.453977725603302;-6.36437752611783;1177999.22770675;177.080025336774;0.657672317989877;0.660344500460715;1.65875281639183;1.03289226329501;0.931980545472323;1.90264254210473;2.16492842158844;8
4209080.15936262;-4204717.01065013;-2293731.71248051;-4.19851224454190;0.306885701843979;-7.21748091718276;1178176.20202274;176.983662127609;0.657675038401209;0.660355532804186;1.65892140410943;1.03302180020522;0.931990282052947;1.90279429020941;2.16512358782421;8
4209075.82975827;-4204716.54853420;-2293739.16887341;-4.30535355112967;0.413813294142302;-7.71822949251200;1178353.16956864;176.913766912405;0.657677780668739;0.660366583990121;1.65908997930683;1.03315134380652;0.932000047444279;1.90294604439340;2.16531876338836;8
4209071.72257654;-4204716.05802839;-2293746.86135443;-4.01398123549696;0.498132800624365;-7.51691242575873;1178530.17228435;177.023729996649;0.657680533342897;0.660377642479433;1.65925852454111;1.03328086761966;0.932009825390747;1.90309778148345;2.16551391528110;8
4209067.98133047;-4204715.66746071;-2293754.12012972;-3.71125181164425;0.445364890141202;-6.87915674831740;1178707.25180268;176.995582757051;0.657683297369265;0.660388711481015;1.65942705150042;1.03341038042704;0.932019618833243;1.90324951310684;2.16570905791055;8
4209064.10028155;-4204715.32946876;-2293760.87744432;-4.06475964479825;0.152466385827771;-6.64536024515573;1178884.16369670;176.890206970216;0.657686083152638;0.660399802628060;1.65959559149938;1.03353991873890;0.932029443356721;1.90340127419523;2.16590423939629;8
4209060.63798307;-4204716.92301267;-2293767.62838210;-4.50939892327004;-0.203163773182372;-6.74756687763267;1179062.36500410;176.927503915669;0.849725387985297;0.773740963781074;1.93837248777177;1.25236213190348;1.14922074207683;2.25344097224005;2.57806266890392;7
4209056.03915269;-4204717.36415457;-2293774.48013586;-4.75095864010746;-0.263640760603594;-7.16683070024044;1179239.38346322;177.034390391076;0.849714656750664;0.773712820571624;1.93879621275436;1.25264579582635;1.14919385945705;2.25379175639730;2.57850708182193;7
4209050.43963345;-4204715.81438387;-2293781.59394909;-4.79365855208832;0.245595254532915;-7.49270968117051;1179415.10610154;176.890820136266;0.657694574847340;0.660433210014300;1.66010115237586;1.03392857487202;0.932059106856113;1.90385661613291;2.16648985982625;8
4209045.43164469;-4204715.32367054;-2293789.10816936;-4.92714314503479;0.553762461186393;-7.69837506501504;1179591.89432127;176.878885575700;0.657697443007661;0.660444376756264;1.66026968458586;1.03405816800856;0.932069043219324;1.90400843666267;2.16668512287961;8
4209040.40662895;-4204714.71516592;-2293796.92867497;-5.11054883957875;0.358738410251829;-7.79925298005175;1179768.79723931;177.028479328052;0.657700325761584;0.660455555115465;1.66043820048259;1.03418775778527;0.932078998148639;1.90416025491860;2.16688038312330;8
4209034.95584279;-4204713.76159667;-2293804.74288602;-5.18336768060456;0.473088027633842;-7.97571257428266;1179945.30536932;176.949870362099;0.657703232907419;0.660466756023670;1.66060674546428;1.03431739262075;0.932088986304044;1.90431211766107;2.16707570475712;8
4209029.86418382;-4204713.59137518;-2293812.72807565;-5.34524474303756;0.564341597448182;-7.96574013209590;1180122.54033099;176.921332265561;0.657706148161286;0.660477965194060;1.66077521167307;1.03444695985894;0.932098986071781;1.90446392025257;2.16727094206174;8
4209024.31578920;-4204712.76258868;-2293820.54153270;-5.27101842812979;0.718222137658626;-7.74495955136696;1180299.20724373;176.883382993232;0.657709089332308;0.660489197721434;1.66094373147413;1.03457659578486;0.932109020714335;1.90461578950198;2.16746627151751;8
4209019.13969938;-4204712.06369459;-2293827.99722446;-4.89273171340461;0.854871727531784;-7.13018916482008;1180476.00230998;176.756152445175;0.657712041454425;0.660500440026666;1.66111222695472;1.03470621534718;0.932119070049298;1.90476764758540;2.16766158414225;8
4209014.66670947;-4204711.35913748;-2293834.59909054;-4.17020507747958;0.606191585238706;-6.13593047742482;1180652.80049747;176.732802418789;0.657715001127928;0.660511688401065;1.66128070734355;1.03483582264322;0.932129129049798;1.90491950008787;2.16785688679873;8
4209010.91671021;-4204710.88919691;-2293839.87535962;-3.17943182407041;0.339279984692782;-4.35299399826234;1180829.54960339;176.724016488889;0.657717971061587;0.660522947571212;1.66144917708131;1.03496542151186;0.932139202976430;1.90507135345365;2.16805218698142;8
4209008.49280689;-4204710.55130116;-2293843.29697731;-2.15323193087069;0.357230570666304;-2.29963971629826;1181006.29183100;176.452913869150;0.657720942933705;0.660534208067652;1.66161763077043;1.03509499853052;0.932149279247247;1.90522319681666;2.16824746873395;8
4209007.01056087;-4204710.18702477;-2293845.54722918;-1.34971235047952;0.195120260578714;-2.27696177878017;1181183.05687885;176.884293910729;0.657723920230182;0.660545471744751;1.66178607008345;1.03522456082700;0.932159361635903;1.90537503347999;2.16844273836049;8
4209005.63989439;-4204709.41753149;-2293848.18002578;-0.826468532403486;0.896296222329399;-3.12087815428821;1181359.71399668;176.888979516270;0.657726909450916;0.660556741888942;1.66195449767203;1.03535412274813;0.932169457057453;1.90552686913701;2.16863800771236;8
4209005.36597524;-4204707.95560671;-2293851.37433808;0.323219181020294;2.07793493870066;-3.36807573626659;1181536.47676946;176.583664112516;0.657729890090759;0.660567993185577;1.66212287051149;1.03548363015293;0.932179533105090;1.90567865040709;2.16883320403669;8
4209006.63177372;-4204705.38348385;-2293854.19751821;2.22756216720287;3.11728719084579;-2.24462441296928;1181713.17874446;176.778266424179;0.657732859293002;0.660579221723269;1.66229122404504;1.03561311023224;0.932189584991308;1.90583040586077;2.16902836541810;8
4209009.45660925;-4204701.93451132;-2293856.06998216;3.21536516492430;3.56284246267427;-1.68225234897469;1181889.90278275;176.749587409428;0.657735820538918;0.660590433038112;1.66245956731557;1.03574257115057;0.932199619095333;1.90598214650624;2.16922350542634;8
4209013.06779904;-4204698.20033978;-2293857.39101201;3.98777900771190;4.08361188752688;-1.12294176306722;1182066.61063667;176.721248114151;0.657738786619139;0.660601643758672;1.66262789331497;1.03587201701506;0.932209656225399;1.90613387640765;2.16941862959266;8
4209017.48681430;-4204694.05982985;-2293858.58519519;4.68267110805862;4.44956237406505;-1.10400320191859;1182243.30675144;176.580129212470;0.657741754394077;0.660612848978365;1.66279619070889;1.03600143692342;0.932219690689223;1.90628558289274;2.16961372157628;8
4209022.49582111;-4204689.59160123;-2293859.64973286;5.18282603382095;4.80517880107155;-0.941549563119135;1182420.00760893;176.603875987389;0.657744728175727;0.660624053962492;1.66296446662891;1.03613084063252;0.932229729260335;1.90643727549247;2.16980879440955;8
4209028.05601241;-4204684.61039709;-2293860.50004745;5.87122458770231;5.22277478218127;-0.950529379125278;1182596.63396392;176.631933499348;0.657747709240923;0.660635259387049;1.66313273614177;1.03626024292242;0.932239773318578;1.90658896802208;2.17000386728806;8
4209034.26531812;-4204679.24208599;-2293861.33828647;6.51530231783501;5.55902266498398;-0.896323145347320;1182773.30697382;176.669441780553;0.657750694409839;0.660646461726704;1.66330097944916;1.03638962378358;0.932249818122073;1.90674064089093;2.17019891344352;8
4209041.04645798;-4204673.36235775;-2293862.03528667;7.24151642960568;5.82221578543967;-0.658143138592042;1182949.90834658;176.801155012948;0.657753686014240;0.660657663208981;1.66346921211159;1.03651899898416;0.932259866894458;1.90689230924697;2.17039395371447;8
4209048.54219792;-4204667.55557866;-2293862.21337924;7.91435831746577;5.86108293083076;-0.00196101682434557;1183126.65607616;176.850253891137;0.657756684063828;0.660668866623693;1.66363741016888;1.03664834392892;0.932269921619526;1.90704395315627;2.17058895884054;8
4209056.65084932;-4204661.52405374;-2293861.55057024;8.70498677567375;5.78922686193042;1.24941056908845;1183303.25785448;176.754696458065;0.657759692701322;0.660680075659821;1.66380560720883;1.03677769177218;0.932279987834344;1.90719560462370;2.17078397277398;8
4209065.39521665;-4204655.91051926;-2293859.98640046;9.16882634397135;5.38153755354711;1.78192994862707;1183479.95653410;176.654208391789;0.657762712272993;0.660691293392672;1.66397377002820;1.03690701091732;0.932290067962544;1.90734723586542;2.17097895601338;8
4209074.51106193;-4204650.48258944;-2293857.97544117;9.16735381535252;5.42767564101737;2.33501825483951;1183656.57606127;176.565013280466;0.657765744835161;0.660702520725032;1.66414190691226;1.03703631292027;0.932300164094678;1.90749885512745;2.17117392132178;8
4209083.81331862;-4204644.90963477;-2293855.86867556;9.33383414414900;5.65728158698056;2.17820748904242;1183833.23191865;176.730568315402;0.657768791483089;0.660713757167404;1.66431003130673;1.03716561308150;0.932310276656538;1.90765047434471;2.17136888649218;8
4209093.20945228;-4204639.19626911;-2293853.49724267;9.55103182549563;5.71727544627276;2.41911593696509;1184009.82558593;176.621882951765;0.657771855201499;0.660725006345667;1.66447815424892;1.03729492314557;0.932320410323460;1.90780210542855;2.17156386759892;8
4209102.87887201;-4204633.51693646;-2293850.91108561;9.79617007103627;5.81127712703405;2.60667809074745;1184186.42843557;176.587269583910;0.657774932276182;0.660736264513824;1.66464625503545;1.03742422112387;0.932330559820184;1.90795372773508;2.17175883600197;8
4209112.79876471;-4204627.79901195;-2293848.15397003;10.0350155527614;5.83505118184615;2.79617101513946;1184363.07795034;176.718996127275;0.657778022844761;0.660747531423955;1.66481433689782;1.03755351041961;0.932340725068047;1.90810534404181;2.17195379576661;8
4209122.84101863;-4204622.11472773;-2293845.05491110;9.84095657423193;5.61084665738843;3.08441368274498;1184539.75721686;176.739906347682;0.657781130662137;0.660758811899597;1.66498240920260;1.03768280171336;0.932350912134549;1.90825696548243;2.17214876177574;8
4209132.31766366;-4204616.41726272;-2293841.89140432;9.04662137297196;5.35100024644087;3.24922633091490;1184716.27293180;176.583096053560;0.657784267066690;0.660770119204525;1.66515049932018;1.03781213043748;0.932361138419027;1.90840862443563;2.17234377940129;8
4209140.92868024;-4204611.56826868;-2293838.77083243;8.12907277046444;4.68701604097549;3.07930376849686;1184892.87675054;176.557595286033;0.657787437487463;0.660781463793464;1.66531857261719;1.03794146817390;0.932371415161016;1.90856029616911;2.17253881333985;8
4209148.83140969;-4204607.05200133;-2293835.65625402;7.79945365549263;4.30757038744185;3.25851507039375;1185069.39090847;176.628760886776;0.657790638893008;0.660792839828308;1.66548664972808;1.03807083224673;0.932381736084331;1.90871199561539;2.17273388498627;8
4209156.37715303;-4204602.87909309;-2293832.37424496;7.36852913660873;3.99887871055905;3.11059655447635;1185245.87627694;176.523610398289;0.657793865761957;0.660804240799835;1.66565471844222;1.03820020631774;0.932392092680491;1.90886370795873;2.17292897351942;8
4209163.21414271;-4204599.22617257;-2293829.37029152;6.56147312159591;3.45613471057415;2.92997768539899;1185422.43066819;176.503695269879;0.657797121724306;0.660815671929168;1.66582277015726;1.03832958717627;0.932402491210732;1.90901542874603;2.17312407349328;8
4209169.33006520;-4204595.95322570;-2293826.69989807;5.66766976188950;3.23263715343228;2.14984536249425;1185598.92464284;176.542528897703;0.657800406489831;0.660827132379398;1.66599081069791;1.03845898051957;0.932412930877175;1.90916716266461;2.17331919174763;8
4209174.47540007;-4204592.54604602;-2293825.27716124;4.81959897390275;3.67873947109671;0.350189877614678;1185775.33248343;176.456070220491;0.657803717742766;0.660838617261965;1.66615884470923;1.03858839403204;0.932423406581425;1.90931891127274;2.17351433332329;8
4209178.74103532;-4204588.49834366;-2293826.00295251;3.62152018356287;4.32035979096671;-1.87681085432558;1185951.81226429;176.575786241737;0.657807046519758;0.660850113840577;1.66632685920418;1.03871781393899;0.932433902973369;1.90947065573666;2.17370947509404;8
4209181.67950621;-4204583.81007903;-2293829.12725881;1.77880646650247;4.81655802960427;-4.27776656505572;1186128.24984771;176.507601191737;0.657810399212227;0.660861630390898;1.66649486762202;1.03884725906685;0.932444430427178;1.90962241284637;2.17390464080555;8
4209182.51396379;-4204579.06957545;-2293834.50970748;0.0126224523160132;5.01600459278092;-6.33820088070944;1186304.78859057;176.434033185553;0.657813791773881;0.660873189568737;1.66666288439870;1.03897675395364;0.932455016254772;1.90977420853117;2.17409986496180;8
4209182.50698419;-4204573.87121187;-2293841.30311918;-0.197262616327595;5.67214498946488;-7.12053900156812;1186481.32755594;176.458412276713;0.657817205771817;0.660884767222198;1.66683089835388;1.03910627052256;0.932465630334856;1.90992601832191;2.17429511265198;8
4209182.54486870;-4204568.01097656;-2293848.77658220;0.0440051286245924;6.32128999530663;-7.56397092788472;1186657.84443565;176.431141009323;0.657820629417570;0.660896347919307;1.66699890261013;1.03923579002532;0.932476253413676;1.91007782681329;2.17449036138433;8
4209182.78312807;-4204561.36481439;-2293856.48228067;0.423629267938705;6.78741722337774;-7.95693933597013;1186834.17037504;176.389244435600;0.657824062980175;0.660907931242042;1.66716691304667;1.03936532537264;0.932486885384659;1.91022964780990;2.17468562945519;8
4209183.31217163;-4204554.44594050;-2293864.29928329;0.467338264649795;6.96799537950406;-7.88142082389160;1187010.45509310;176.304699520856;0.657827505928464;0.660919518829430;1.66733490216310;1.03949484945984;0.932497527034677;1.91038145769294;2.17488088316361;8
4209183.86343819;-4204547.43979900;-2293872.25567999;0.878770645308265;6.98285485140848;-8.28938619451671;1187186.71519807;176.387056070345;0.657830963295503;0.660931117733249;1.66750287283608;1.03962436880840;0.932508186912271;1.91053326314278;2.17507613149409;8
4209184.36434675;-4204540.11805572;-2293880.55645436;0.537818696119588;7.53105445206088;-8.08574833586288;1187362.98000555;176.277423356031;0.657834434699797;0.660942726579033;1.66767083291453;1.03975389176812;0.932518863774095;1.91068507039971;2.17527138391864;8
4209184.74544442;-4204532.65290861;-2293888.72455416;0.298730534777315;7.58918012363697;-8.08303715921653;1187539.26600536;176.286110294970;0.657837925276428;0.660954352178682;1.66783879532815;1.03988343172837;0.932529566070661;1.91083689487031;2.17546666036985;8
4209185.07657671;-4204524.96755441;-2293896.76591483;0.353062679533307;7.65410703923170;-8.01090251435563;1187715.47344635;176.302860608151;0.657841433597075;0.660965992392654;1.66800676018817;1.04001298784001;0.932540291277895;1.91098873541685;2.17566195944268;8
4209185.32332561;-4204517.64851845;-2293904.59696996;0.155326447627072;7.28744948719356;-7.55369917176098;1187891.70002934;176.107883824505;0.657844961390732;0.660977652027396;1.66817470111475;1.04014253586822;0.932551044022162;1.91114057126788;2.17585725130774;8
4209185.42527066;-4204510.56559851;-2293911.37153636;0.352008522769313;6.15285953400646;-6.92346784991095;1188067.42728287;176.267454083765;0.657848516521535;0.660989339363674;1.66834266112798;1.04027211762862;0.932561835720297;1.91129244554087;2.17605259382606;8
4209185.47947614;-4204504.93180851;-2293917.87872520;-0.180086818076622;5.12573671093417;-5.88421028563272;1188243.61259182;175.986163153033;0.657852091789168;0.661001051908810;1.66851053945664;1.04040163666024;0.932572659526290;1.91144426692850;2.17624786068571;8
4209185.11754886;-4204501.05910188;-2293923.62228613;-0.966909215293222;3.09278267840801;-5.32929763263225;1188419.93880516;176.208330021090;0.657855698545700;0.661012804744692;1.66867835788748;1.04053111906681;0.932583534138093;1.91159606356247;2.17644308907308;8
4209183.56703954;-4204499.24226503;-2293929.04626460;-2.20143250862214;0.852079542783182;-5.29979019405749;1188596.38657104;176.371453460899;0.657859348290790;0.661024614192488;1.66884612347072;1.04066058236907;0.932594479236239;1.91174785118885;2.17663830119336;8
4209180.18850425;-4204499.23089934;-2293933.77114286;-4.21866089803662;-1.53650996531001;-4.19739498325651;1188772.50260783;176.163150785932;0.657863056213102;0.661036497752974;1.66901389760992;1.04079009376957;0.932605517939692;1.91189969467716;2.17683358615111;8
4209175.30042728;-4204501.95723996;-2293937.16759962;-5.64297943144976;-3.41405093830658;-2.80838578461123;1188948.76440094;176.172801511503;0.657866822203831;0.661048459079207;1.66918163835604;1.04091960984408;0.932616652761230;1.91205155862297;2.17702889208905;8
4209169.23936347;-4204505.92805949;-2293940.26679450;-6.60162401883295;-4.29384593310320;-3.21891336390207;1189124.90721244;176.133611826386;0.657870630416729;0.661060472684406;1.66934936752584;1.04104914577945;0.932627854457840;1.91220344779774;2.17722423045898;8
4209162.06270327;-4204510.47129766;-2293943.82359892;-7.59957755836444;-4.93055200862321;-3.73153204371389;1189300.96869667;176.103559189098;0.657874473014911;0.661072526775261;1.66951708842243;1.04117870344941;0.932639109142264;1.91235535830457;2.17741959873443;8
4209153.94062196;-4204515.76843918;-2293947.91400875;-8.67793561939338;-5.50281000228088;-4.19871980034296;1189477.03844073;175.946749109214;0.657878346188950;0.661084617786196;1.66968477938306;1.04130826006738;0.932650411600096;1.91250726868195;2.17761496717070;8
4209145.02844610;-4204521.63102182;-2293952.13683855;-9.40842386130419;-5.94553495509293;-4.17884557292932;1189653.10188784;175.931501114918;0.657882250122820;0.661096744606013;1.66985245792432;1.04143783018610;0.932661761173542;1.91265919389504;2.17781035586985;8
4209135.52251944;-4204527.62505877;-2293956.29117447;-9.77105399098783;-6.10002061221068;-3.87206897794652;1189829.04109894;175.921547889287;0.657886182401703;0.661108901869305;1.67002014472550;1.04156743060297;0.932673152356133;1.91281114930745;2.17800578635774;8
4209125.66504411;-4204533.82574194;-2293960.26816282;-10.0875535221818;-6.24740792264326;-3.89151233671444;1190005.03010422;175.945597985920;0.657890139400607;0.661121085217446;1.67018782727036;1.04169704621823;0.932684579501368;1.91296312123410;2.17820123939490;8
4209115.23675156;-4204539.98762762;-2293963.99868755;-10.4057633031085;-6.41372277970257;-3.73327161267580;1190180.83901142;175.946779718446;0.657894125686861;0.661133299146865;1.67035553269453;1.04182670577382;0.932696049018166;1.91311513648743;2.17839675227467;8
4209104.80223897;-4204546.43977191;-2293967.95688645;-10.6209703107126;-6.48346420846302;-3.83269090502333;1190356.87012343;176.010635399354;0.657898126770010;0.661145527790924;1.67052319531558;1.04195633916231;0.932707539438504;1.91326712724931;2.17859223190879;8
4209093.98232104;-4204552.92552944;-2293971.70302491;-10.9873895636731;-6.51392077647250;-3.75900545228342;1190532.76296244;175.940618558467;0.657902153389358;0.661157782731346;1.67069086568978;1.04208599969304;0.932719066547148;1.91341914535207;2.17878774931293;8
4209083.03303170;-4204559.29577348;-2293975.35849830;-10.9489541586157;-6.27735558034132;-3.77415807737251;1190708.67249973;175.922823984621;0.657906199525534;0.661170055820267;1.67085853357076;1.04221567400268;0.932730620322667;1.91357117696043;2.17898328594567;8
4209072.16119917;-4204565.57480272;-2293979.13062294;-10.8918061100199;-6.35171912140871;-3.64368156615401;1190884.64109388;175.928666343093;0.657910259478933;0.661182340334042;1.67102617864727;1.04234533990660;0.932742191978704;1.91372320005316;2.17917881185705;8
4209061.27605052;-4204571.86518893;-2293982.67839733;-10.8335135783426;-6.17034789284309;-3.61837452499137;1191060.51304267;175.915830229916;0.657914338024426;0.661194642128152;1.67119381337579;1.04247501073157;0.932753789033898;1.91387522916793;2.17937434618800;8
4209050.49497577;-4204577.81238581;-2293986.45802285;-10.6517042529543;-5.96058095492970;-3.88996801759263;1191236.35200233;175.970671145724;0.657918428638653;0.661206952102845;1.67136143263756;1.04260467960908;0.932765400436513;1.91402725444540;2.17956987699466;8
4209039.75859607;-4204583.60623637;-2293990.43604987;-10.6936838188029;-5.76577462757417;-4.05542919785480;1191412.21987708;176.075517581202;0.657922532872803;0.661219273121122;1.67152903056462;1.04273434194774;0.932777029310108;1.91417927228065;2.17976539891477;8
4209028.91821755;-4204589.21719439;-2293994.59663839;-10.7748547282553;-5.45216314430851;-4.35777498025148;1191588.09791605;175.966254079699;0.657926653619696;0.661231608741841;1.67169661699207;1.04286400916812;0.932788680217837;1.91433129348221;2.17996092690293;8
4209018.28797861;-4204594.36087600;-2293998.79627130;-10.2717506250503;-4.84175825300980;-3.86997078074874;1191763.90569453;175.722937991225;0.657930785921792;0.661243950813257;1.67186419622778;1.04299368089834;0.932800343884366;1.91448331728933;2.18015646011313;8
4209008.20654990;-4204599.06021973;-2294003.07986696;-10.0593471054699;-4.70587855908738;-4.48308866309214;1191939.85514420;176.056657262305;0.657934922985569;0.661256290739369;1.67203174749499;1.04312333270721;0.932812009424416;1.91463532025229;2.18035196626503;8
4208997.92393642;-4204603.68803445;-2294007.42625351;-10.4053764514298;-4.53767754481530;-4.44723391432138;1192115.71415664;175.819782473181;0.657939079505425;0.661268649286503;1.67219929069618;1.04325299421825;0.932823701923167;1.91478733197043;2.18054748552279;8
4208987.61390604;-4204608.23381552;-2294011.90788566;-10.1787687306626;-4.41419187808723;-4.69485758014255;1192291.48478434;175.803539585111;0.657943251517959;0.661281021491573;1.67236681436937;1.04338265211818;0.932835415066861;1.91493933935436;2.18074300002272;8
4208977.64370512;-4204612.22403547;-2294016.70500690;-9.59064674258432;-3.71836865654480;-4.92107574295276;1192467.19093469;175.774926749262;0.657947429970191;0.661293393740297;1.67253431750975;1.04351229993646;0.932847132819166;1.91509133371146;2.18093849903555;8
4208968.38974498;-4204615.90057017;-2294021.60093258;-9.24749832015371;-3.35956918641897;-5.08363115938135;1192643.05483120;175.744870185241;0.657951609939197;0.661305760182210;1.67270177587960;1.04364190969832;0.932858847560418;1.91524329015990;2.18113394732677;8
4208959.22184066;-4204619.44840708;-2294026.82186747;-9.41181440981302;-3.59152396674429;-5.11799251321732;1192818.94257377;175.778650972971;0.657955801397825;0.661318135356329;1.67286920350148;1.04377150353074;0.932870576631199;1.91539522938946;2.18132937365056;8
4208949.65314252;-4204623.06207282;-2294032.07150172;-9.83964063365179;-3.47101013721525;-5.15570389373858;1192994.66360719;175.550841836980;0.657960016396618;0.661330535115373;1.67303662684406;1.04390111370144;0.932882339768860;1.91554718412635;2.18152482218321;8
4208939.68202988;-4204626.66680416;-2294037.50443606;-10.1659965500625;-3.64879257113551;-5.42149734426629;1193170.29925957;175.763014693428;0.657964253438751;0.661342957669349;1.67320404382383;1.04403073815554;0.932894134648758;1.91569915141456;2.18172028934602;8
4208929.28729989;-4204630.19584549;-2294042.89104121;-10.6662362193328;-3.65050875051332;-5.39754182943159;1193346.00722058;175.654658705272;0.657968514954564;0.661355405199555;1.67337146798121;1.04416039017957;0.932905964531357;1.91585114466437;2.18191579327245;8
4208918.40775401;-4204634.00256252;-2294048.36277299;-10.7315840125826;-3.69456044686129;-5.86527236247180;1193521.54297464;175.579798265647;0.657972801222665;0.661367880353733;1.67353887833487;1.04429005093254;0.932917831490207;1.91600314655554;2.18211130973821;8
4208907.73033789;-4204637.60386110;-2294054.38545973;-10.5909625492697;-3.38141183191810;-6.21906796963898;1193697.11698568;175.476349395237;0.657977094426585;0.661380358885984;1.67370624652762;1.04441968326064;0.932929705771128;1.91615511782730;2.18230678648947;8
4208897.65620268;-4204640.93488688;-2294060.92893449;-9.88631757278362;-3.16162825056427;-6.42769685497341;1193872.84354678;175.635413973337;0.657981387177262;0.661392830668319;1.67387355613723;1.04454926592628;0.932941574982681;1.91630703809871;2.18250219546597;8
4208888.07361856;-4204644.11521502;-2294066.73790384;-8.89933486821731;-3.16592276701404;-5.45086397673968;1194048.37943449;175.646767309133;0.657985693562487;0.661405310437909;1.67404085558467;1.04467884741021;0.932953459508229;1.91645895958537;2.18269760571669;8
4208880.20046277;-4204647.02793605;-2294071.55000676;-6.91166394593462;-2.77625490398290;-4.13729856942110;1194223.95111758;175.582167586948;0.657989993231692;0.661417769500160;1.67420809767580;1.04480836596738;0.932965324652320;1.91661082417032;2.18289293666049;8
4208874.33006607;-4204649.46345067;-2294075.03451268;-5.04723927126805;-2.15495641270098;-3.01159597874894;1194399.50480970;175.570567318574;0.657994283803660;0.661430201974789;1.67437529112961;1.04493782587151;0.932977164566583;1.91676263662147;2.18308819452746;8
4208869.55165320;-4204651.42459851;-2294078.08019246;-4.85508223508953;-1.87550789702672;-3.52445581653947;1194574.99590468;175.525339527660;0.657998573999833;0.661442622335238;1.67454244845104;1.04506725118751;0.932988995662612;1.91691441584958;2.18328340743857;8
4208864.62182655;-4204653.15238278;-2294082.04915674;-4.95335061724910;-1.63217439452864;-4.60673121563081;1194750.52487775;175.624916768722;0.658002874258729;0.661455050777548;1.67470956823742;1.04519665725984;0.933000839620135;1.91706617117872;2.18347859092435;8
4208859.70217667;-4204654.85558842;-2294086.91939202;-5.03584212815253;-1.72622427447140;-5.00296313180497;1194926.08798804;175.492683163795;0.658007181872512;0.661467484853319;1.67487663159966;1.04532602405960;0.933012692793608;1.91721788432943;2.18367371934748;8
4208854.57463917;-4204656.62609848;-2294092.15284060;-5.44628748626863;-1.77790643982906;-5.20919104667481;1195101.60678670;175.473733490673;0.658011506155439;0.661479935447908;1.67504366593743;1.04545538115470;0.933024569469164;1.91736958618577;2.18386883397688;8
4208848.50469937;-4204658.29937508;-2294097.35912397;-6.65259448504071;-1.98036909786855;-5.13676830833238;1195276.97522549;175.442044746476;0.658015864413269;0.661492423333349;1.67521073358979;1.04558479827392;0.933036496578225;1.91752134430921;2.18406402750993;8
4208841.02478276;-4204660.80792066;-2294102.41699763;-8.45889947187509;-2.93253620460277;-4.92318464141823;1195452.49487763;175.388350359629;0.658020267638620;0.661504967702020;1.67537781366221;1.04571426307671;0.933048495480086;1.91767315083390;2.18425928713404;8
4208831.95289079;-4204663.98069679;-2294107.28930479;-9.50128714425275;-3.31798845267504;-4.91448107783242;1195627.89484017;175.354579075001;0.658024719393618;0.661517572474569;1.67554492615915;1.04584379710641;0.933060571466663;1.91782502580485;2.18445464076261;8
4208822.32987683;-4204667.22963275;-2294112.33659081;-9.51533519125480;-3.20383736710435;-5.16355265874999;1195803.18292728;175.301085136644;0.658029195968481;0.661530204468939;1.67571203396877;1.04597334976662;0.933072684291874;1.91797691721235;2.18465001851130;8
4208813.34409969;-4204670.44457465;-2294117.40911919;-8.45920914797977;-3.06229288101995;-4.86494005481310;1195978.53476285;175.365815094870;0.658033676533470;0.661542834481973;1.67587908664155;1.04610285647665;0.933084798561523;1.91812876375626;2.18484533564226;8
4208805.98532407;-4204672.80892766;-2294122.00793045;-6.33704351310453;-1.83709658526094;-4.60701883641347;1196153.79601643;175.298984506034;0.658038146668997;0.661555436416352;1.67604609562411;1.04623231390089;0.933096885603847;1.91828056148740;2.18504058709005;8
4208800.40073055;-4204673.98464940;-2294127.12037843;-4.31264027828094;-0.318529261473471;-5.53474890438330;1196329.04390358;175.376017084370;0.658042593351945;0.661567995114386;1.67621303254370;1.04636169187743;0.933108925487813;1.91843227592073;2.18523572813620;8
4208797.18378930;-4204673.27572721;-2294132.76777974;-1.92184643309781;1.68338543388568;-5.94174287732883;1196504.24873704;175.291257012461;0.658047004399946;0.661580490316773;1.67637990271722;1.04649098640623;0.933120895258232;1.91858390053751;2.18543075114066;8
4208796.82209936;-4204670.55024117;-2294138.41585507;0.833523758548479;3.66732611997246;-5.05642014759493;1196679.62779597;175.268599917826;0.658051375947372;0.661592913236063;1.67654670852794;1.04662019315000;0.933132785958360;1.91873543306687;2.18562565203093;8
4208798.54676541;-4204666.51046859;-2294142.56973312;2.64465707976441;4.18140326029826;-3.44641733349126;1196854.81362437;175.311093774576;0.658055738460247;0.661605301265834;1.67671351095062;1.04674938279318;0.933144645584765;1.91888695013226;2.18582053192063;8
4208801.46653583;-4204662.19334207;-2294145.12112430;3.34802013145915;4.25154149217423;-2.27570614082720;1197029.92550474;175.201047840061;0.658060111154560;0.661617684936854;1.67688030511226;1.04687856436332;0.933156509334824;1.91903846459297;2.18601540642118;8
4208804.97987487;-4204657.42163699;-2294147.52811330;3.76238687608149;4.84113602191307;-2.52451514499118;1197205.02933237;175.242761432348;0.658064490193197;0.661630064961871;1.67704707470648;1.04700772943324;0.933168375007792;1.91918996112846;2.18621025804683;8
4208808.79781142;-4204652.31068466;-2294149.98348862;4.19015419648029;5.25826066976798;-2.45446233931232;1197380.08378128;175.149702134861;0.658068879114907;0.661642447652782;1.67721382097586;1.04713688321603;0.933180249574280;1.91934144421152;2.18640509322022;8
4208813.24555873;-4204646.84771112;-2294152.62754972;4.56418318655178;5.71177020746741;-2.51854629891170;1197555.27756975;175.158754411303;0.658073270404263;0.661654823341753;1.67738052197947;1.04726600014684;0.933192120879708;1.91949288875685;2.18659987767576;8
4208818.12199610;-4204641.12848754;-2294155.24095250;5.10605185942333;5.88658467694282;-2.76390971954352;1197730.44918908;175.225706933681;0.658077670185264;0.661667199711730;1.67754719156196;1.04739509653656;0.933203998689905;1.91964431160782;2.18679463401049;8