0.00402700000000000;-0.00261500000000000;-0.000355000000000000
-6.00000000000000e-05;0.000267000000000000;0.000942000000000000
0.00311000000000000;-0.00375800000000000;-0.00305200000000000
0.00420700000000000;-0.00317000000000000;-0.00519700000000000
0.00297900000000000;-0.000226000000000000;-9.00000000000000e-05
-0.00186100000000000;0.000738000000000000;0.00309800000000000
0.00112400000000000;-0.00352900000000000;0.000992000000000000
0.000865000000000000;0.00132600000000000;-0.00242500000000000
0.00326800000000000;-0.00255700000000000;-0.00284100000000000
-0.000630000000000000;-0.00105800000000000;0.00187400000000000
0.00352000000000000;0.00265700000000000;-0.00300900000000000
0.00641100000000000;-0.00210000000000000;-0.00459100000000000
-0.00237800000000000;0.00130000000000000;-0.00220100000000000
-0.000471000000000000;0.00613700000000000;-0.00220100000000000
0.00530100000000000;-0.00533200000000000;-0.00125700000000000
0.00422100000000000;-0.00287000000000000;-3.60000000000000e-05
0.00378200000000000;-0.00253100000000000;-0.00118900000000000
0.00205300000000000;-0.00222400000000000;-0.000465000000000000
0.00224900000000000;-0.00201500000000000;0.000114000000000000
-0.00122200000000000;0.00248300000000000;-0.00281600000000000
-0.000841000000000000;-0.00165300000000000;-0.00348400000000000
-0.00109000000000000;-0.000935000000000000;-0.00143000000000000
-0.000761000000000000;-0.00268600000000000;0.00432900000000000
-0.00136600000000000;0.000391000000000000;0.00208900000000000
0.000963000000000000;-0.00365200000000000;-0.00209200000000000
0.000971000000000000;-0.00224000000000000;0.00330500000000000
0.00199200000000000;-0.00269000000000000;-0.00248600000000000
0.000227000000000000;-0.00161200000000000;-0.00437500000000000
0.00448600000000000;-0.00546800000000000;-0.00264200000000000
0.00442700000000000;-0.00758100000000000;-0.00249800000000000
0.00161200000000000;-0.00162800000000000;0.000184000000000000
0.00258000000000000;0.00173500000000000;-0.000266000000000000
-0.00238700000000000;0.00124300000000000;-0.00350700000000000
0.00237300000000000;-0.00478100000000000;-0.00657400000000000
0.000616000000000000;-0.00116600000000000;-0.00114100000000000
0.00162400000000000;-0.00257400000000000;0.000106000000000000
-0.000995000000000000;0.00169900000000000;-0.000304000000000000
0.00523900000000000;-0.00193400000000000;-0.00267800000000000
-0.00176200000000000;-0.000699000000000000;0.000568000000000000
0.000901000000000000;-0.00183700000000000;0.00211700000000000
-0.000823000000000000;0.00175800000000000;-0.00127800000000000
0.00430600000000000;-0.00112800000000000;-0.00316200000000000
-0.000826000000000000;0.000655000000000000;-0.00171200000000000
-0.00287100000000000;4.10000000000000e-05;-0.000314000000000000
-0.000799000000000000;-0.000868000000000000;-0.00277700000000000
0.00228600000000000;0.00265900000000000;-0.00316500000000000
0.00136100000000000;-0.00358000000000000;0.000290000000000000
0.00140400000000000;-0.00157400000000000;-0.00188600000000000
0.000667000000000000;0.000206000000000000;1.00000000000000e-06
0.00420400000000000;-0.00160500000000000;0.00266200000000000
0.00209500000000000;0.00212200000000000;-0.000976000000000000
-0.00153500000000000;0.00228600000000000;-0.00331600000000000
-0.000540000000000000;0.00190900000000000;-0.000635000000000000
-0.000255000000000000;-0.00409400000000000;-0.00193500000000000
0.000664000000000000;0.000264000000000000;-0.00109800000000000
0.00401300000000000;-0.00425300000000000;-0.00271000000000000
0.0104390000000000;-0.00545000000000000;-0.00104000000000000
0.00305300000000000;-0.00649700000000000;-0.00101400000000000
-0.000295000000000000;0.00167300000000000;-0.00195200000000000
0.00677200000000000;-0.00163400000000000;-0.00176600000000000
0.00290300000000000;-0.00151000000000000;-0.000609000000000000
0.00355200000000000;-0.00184400000000000;-0.00355200000000000
0.00102200000000000;-0.00108500000000000;0.000644000000000000
0.00187700000000000;0.000603000000000000;-0.00159100000000000
0.00566200000000000;-0.00654100000000000;-0.00417400000000000
0.00466000000000000;-0.00589800000000000;-0.00331900000000000
0.00140400000000000;-0.00175800000000000;-0.00572200000000000
0.00288100000000000;0.00219100000000000;-0.00287700000000000
0.00285200000000000;-0.00475900000000000;-0.00322900000000000
0.000765000000000000;6.10000000000000e-05;-0.00333000000000000
3.30000000000000e-05;-0.00556000000000000;-0.00229600000000000
0.00226800000000000;-0.00529100000000000;-0.00172600000000000
-0.00165000000000000;0.000237000000000000;-0.00120500000000000
-0.000786000000000000;-0.000156000000000000;0.00159200000000000
0.00144000000000000;-0.00115200000000000;-0.000634000000000000
0.000252000000000000;0.00109000000000000;-0.00523000000000000
0.00450400000000000;-0.00229600000000000;0.00113200000000000
0.000566000000000000;-0.00141200000000000;-0.00313300000000000
0.00274000000000000;-0.00298600000000000;-0.000907000000000000
-0.00198200000000000;-0.00288800000000000;0.000940000000000000
0.00102900000000000;0.00223000000000000;-0.00117300000000000
0.00198700000000000;0.000652000000000000;-0.00436000000000000
-0.00127200000000000;0.00324300000000000;-0.00490900000000000
0.00260300000000000;0.00254100000000000;-0.00265600000000000
0.000223000000000000;-0.000682000000000000;-0.000272000000000000
0.00316100000000000;-0.000776000000000000;-0.00256700000000000
-0.000312000000000000;0.00255400000000000;-0.00340800000000000
-0.000527000000000000;-8.50000000000000e-05;-0.000908000000000000
0.00164500000000000;-0.00143000000000000;-0.00188300000000000
0.00149400000000000;-0.00142700000000000;0.00131700000000000
0.000122000000000000;0.00110600000000000;7.40000000000000e-05
-8.30000000000000e-05;-0.00158100000000000;-0.00345800000000000
0.00326800000000000;-0.00433200000000000;0.000351000000000000
-0.000546000000000000;-0.00479900000000000;-0.00238300000000000
0.00195300000000000;-0.00236100000000000;-0.00202600000000000
0.00106100000000000;-0.00302700000000000;-0.000850000000000000
0.000685000000000000;-0.00268900000000000;0.00282700000000000
0.00217400000000000;0.00218000000000000;0.000174000000000000
-0.00206300000000000;0.00356900000000000;-0.000113000000000000
0.00398800000000000;-0.00210600000000000;0.000333000000000000
0.00256600000000000;-0.00180100000000000;-0.00148600000000000
0.000958000000000000;-0.00325800000000000;0.00108800000000000
0.00476500000000000;-0.00620700000000000;-0.00246000000000000
0.00238500000000000;0.00113700000000000;-0.00176100000000000
-0.00155700000000000;0.00195900000000000;-0.00252200000000000
0.00360000000000000;-0.00319200000000000;-0.00406300000000000
-0.00132000000000000;-0.00206100000000000;-0.00218100000000000
0.000496000000000000;0.00154400000000000;-0.00204800000000000
0.00185500000000000;-0.00499000000000000;-0.00300800000000000
0.000833000000000000;8.60000000000000e-05;-0.00358100000000000
0.00233800000000000;-0.00212500000000000;0.00145900000000000
0.00176900000000000;-0.00268300000000000;-0.00176200000000000
0.00152500000000000;0.000578000000000000;-0.00305100000000000
0.00721200000000000;-0.00548400000000000;0.000752000000000000
0.000155000000000000;-0.00102500000000000;-0.00388000000000000
-0.00293900000000000;-0.00114200000000000;0.000102000000000000
0.000215000000000000;-5.20000000000000e-05;-0.00235000000000000
-0.00325400000000000;0.000980000000000000;-0.00208500000000000
-0.000627000000000000;0.00259600000000000;-0.00294800000000000
0.00365500000000000;-0.00589500000000000;-0.000775000000000000
0.00174200000000000;-0.00116600000000000;8.70000000000000e-05
-0.000474000000000000;0.00300400000000000;-0.00203900000000000
0.00439900000000000;-0.00711400000000000;-0.00237300000000000
0.00285300000000000;-0.00327800000000000;-0.000914000000000000
0.000320000000000000;-0.00175900000000000;-0.00201100000000000
-0.00502000000000000;0.00234800000000000;-0.000969000000000000
0.00339500000000000;-0.000987000000000000;-0.00266900000000000
-0.000492000000000000;-0.00628000000000000;-0.000783000000000000
0.00180000000000000;-0.00368400000000000;-0.00205900000000000
-0.000350000000000000;-0.00336500000000000;-0.00220100000000000
0.00224000000000000;-0.00300600000000000;-0.00169900000000000
0.00752700000000000;-0.00420700000000000;0.00111400000000000
0.00263600000000000;-0.00411300000000000;-0.000123000000000000
0.00498000000000000;-0.00354400000000000;0.000280000000000000
0.00321000000000000;-0.00306600000000000;-0.000334000000000000
0.00249100000000000;-0.00268700000000000;-0.00331300000000000
0.00531000000000000;-0.00593000000000000;0.000629000000000000
0.00482400000000000;-0.000454000000000000;0.00123200000000000
0.00515900000000000;-0.00458100000000000;-0.00343500000000000
0.000407000000000000;-0.00102200000000000;-0.00100400000000000
0.00293200000000000;-0.00541800000000000;-0.00204700000000000
0.00159200000000000;-0.00492300000000000;-0.00357800000000000
0.00646500000000000;-0.00324000000000000;-0.00391400000000000
0.00663100000000000;-0.00702500000000000;-0.000576000000000000
0.00184600000000000;0.000723000000000000;-0.00332100000000000
0.000150000000000000;0.00164500000000000;-0.00737900000000000
-4.40000000000000e-05;-0.00121600000000000;-0.00116500000000000
0.00359800000000000;0.00329000000000000;-0.00337800000000000
-0.000673000000000000;-0.000631000000000000;-0.00208700000000000
0.00181400000000000;-0.00180800000000000;-0.00347600000000000
0.00391300000000000;-0.000592000000000000;-0.00273900000000000
0.000925000000000000;0.00370800000000000;0.00191100000000000
-0.00273300000000000;0.00197200000000000;0.000602000000000000
-0.00137200000000000;0.00222200000000000;-0.000220000000000000
0.000696000000000000;-0.00135900000000000;-0.000517000000000000
0.00318700000000000;-0.00138600000000000;0.00241400000000000
-0.000479000000000000;-0.00145600000000000;-0.00140600000000000
0.00120000000000000;0.00212100000000000;-0.00258700000000000
9.80000000000000e-05;-0.00828800000000000;0.000219000000000000
-0.00216100000000000;-0.00769100000000000;-0.000353000000000000
0.00240800000000000;-0.00163600000000000;-0.000342000000000000
-0.00163400000000000;-0.00246000000000000;-0.00136200000000000
0.000125000000000000;-0.00239100000000000;-0.000288000000000000
-0.00130000000000000;-0.00102800000000000;-0.00184700000000000
0.00393700000000000;-0.000833000000000000;-0.00169500000000000
-0.000381000000000000;-0.00206500000000000;-0.00271400000000000
-9.90000000000000e-05;-0.000805000000000000;-0.00218400000000000
0.00183100000000000;0.00322500000000000;-0.00158600000000000
-0.00333900000000000;9.90000000000000e-05;0.00286500000000000
-0.00267200000000000;-0.000497000000000000;-0.00129200000000000
0.00491500000000000;-0.00492900000000000;0.00272800000000000
0.00108400000000000;-0.00387400000000000;0.00140700000000000
0.00423300000000000;-0.000206000000000000;-0.000295000000000000
0.00391200000000000;0.00208800000000000;-0.00189600000000000
0.00203100000000000;-0.00227500000000000;-0.000318000000000000
-0.000653000000000000;-0.000147000000000000;-0.00475300000000000
-0.000483000000000000;0.00264600000000000;-0.00127800000000000
0.00246700000000000;-0.00417800000000000;-0.00307700000000000
-0.000254000000000000;0.00234000000000000;-0.000400000000000000
-0.000613000000000000;-0.000640000000000000;0.00119900000000000
0.000608000000000000;0.000266000000000000;-0.00343400000000000
0.00163000000000000;-0.000294000000000000;-0.00390000000000000
7.20000000000000e-05;-0.000491000000000000;0.00158000000000000
0.00259300000000000;-0.00466800000000000;-0.00241100000000000
-0.00194800000000000;-0.000555000000000000;-0.00245000000000000
-3.50000000000000e-05;0.000238000000000000;-0.00431400000000000
-0.00177100000000000;-0.000758000000000000;-0.00513300000000000
-0.00239000000000000;-0.000173000000000000;-0.00470200000000000
-0.00169400000000000;0.000799000000000000;-0.000475000000000000
-0.00109500000000000;-0.00488700000000000;-0.00271900000000000
-0.000266000000000000;-0.00648200000000000;-0.00136500000000000
0.00330300000000000;-0.00273400000000000;-0.00438800000000000
0.00369400000000000;-0.00232000000000000;-0.00163100000000000
-0.000159000000000000;0.000856000000000000;0.00319600000000000
-0.00134500000000000;-0.00316300000000000;-0.00259700000000000
0.000347000000000000;-0.00204100000000000;-0.00377500000000000
0.00164400000000000;-0.00273200000000000;-0.00177600000000000
0.000157000000000000;0.00225800000000000;-0.000812000000000000
-0.00357700000000000;0.00280500000000000;-0.00129600000000000
0.00179700000000000;-0.00646900000000000;-0.00279600000000000
0.00237500000000000;-0.00248800000000000;-0.00137200000000000
0.00174300000000000;-0.00214300000000000;0.00169300000000000
0.000500000000000000;-0.000441000000000000;0.00132800000000000
0.00711500000000000;-0.00759200000000000;-0.00114400000000000
0.00121400000000000;0.00212300000000000;-0.00204100000000000
-0.00119100000000000;-0.000645000000000000;-0.00413600000000000
7.70000000000000e-05;-0.00510300000000000;0.000667000000000000
0.00188800000000000;-0.00511500000000000;-0.00302300000000000
0.00165600000000000;0.00191800000000000;-0.00391000000000000
-0.000417000000000000;0.00256000000000000;-0.00174500000000000
0.00122100000000000;0.00118500000000000;-0.00114900000000000
0.00193200000000000;-0.00309500000000000;-0.00116700000000000
0.00145500000000000;-0.00480200000000000;-0.00136100000000000
0.000239000000000000;-0.000241000000000000;-0.00547500000000000
-0.000664000000000000;-0.00195400000000000;-0.00126300000000000
0.00419100000000000;-0.00266400000000000;-0.00286400000000000
0.00287800000000000;-0.00184800000000000;-0.00390700000000000
0.00424100000000000;-0.000219000000000000;-0.00437200000000000
0.00332800000000000;-0.00316700000000000;-0.00529600000000000
-0.00107100000000000;0.00240300000000000;-0.000725000000000000
0.000591000000000000;-0.00336200000000000;0.000151000000000000
-0.00106000000000000;-0.00651500000000000;-0.000405000000000000
-0.00226700000000000;0.000658000000000000;-0.00107500000000000
0.000826000000000000;0.000520000000000000;-0.00149700000000000
0.000992000000000000;-0.00279600000000000;0.000392000000000000
0.00129000000000000;-0.00163000000000000;-0.000944000000000000
0.00115600000000000;-0.00366900000000000;9.30000000000000e-05
0.00133700000000000;0.000470000000000000;-0.00177400000000000
0.000471000000000000;-7.00000000000000e-05;-0.00249300000000000
0.000178000000000000;-0.00108600000000000;-0.00327700000000000
0.00314200000000000;-0.00297900000000000;-0.00372000000000000
0.00430900000000000;-0.000658000000000000;0.000855000000000000
0.00530000000000000;-0.00411500000000000;-0.00273500000000000
-0.00122100000000000;-0.00567600000000000;-0.00106900000000000
0.00435700000000000;-0.000334000000000000;-0.00203300000000000
0.00263900000000000;-0.00149300000000000;0.00208800000000000
-0.00127900000000000;0.000343000000000000;-0.00278500000000000
0.00497300000000000;-0.00259900000000000;0.000453000000000000
0.00728700000000000;-0.00203500000000000;-0.00253100000000000
0.00145600000000000;0.000439000000000000;0.00233600000000000
-0.00428400000000000;0.00114500000000000;-6.70000000000000e-05
0.00123000000000000;-0.00120900000000000;-0.00282100000000000
-0.000946000000000000;0.00106000000000000;-0.00250900000000000
-0.00375100000000000;0.000777000000000000;-0.00373100000000000
0.00312400000000000;-0.00544200000000000;-0.00222600000000000
6.60000000000000e-05;-0.00436200000000000;-0.000789000000000000
0.000859000000000000;-4.70000000000000e-05;-0.00419500000000000
-7.20000000000000e-05;-5.20000000000000e-05;-0.00257600000000000
0.000881000000000000;-0.000355000000000000;-0.00441300000000000
0.00173000000000000;-0.00292000000000000;-0.000696000000000000
0.000151000000000000;0.00250600000000000;-0.00222700000000000
-0.00208100000000000;0.00344500000000000;-0.00239500000000000
0.00108000000000000;-0.00108700000000000;-0.00159400000000000
0.00634700000000000;-0.00619400000000000;0.000655000000000000
0.00460600000000000;-0.00366300000000000;-0.00163900000000000
-0.00221500000000000;-0.00282300000000000;0.00100800000000000
0.00183400000000000;-0.00710300000000000;-0.00455300000000000
0.00455200000000000;-0.00138700000000000;-0.00286300000000000
-0.000336000000000000;-0.00230200000000000;-0.00163300000000000
0.000404000000000000;-0.00451000000000000;-0.00302500000000000
0.000896000000000000;-0.000644000000000000;-0.00214000000000000
0.00507200000000000;-0.00327400000000000;-0.000492000000000000
-0.00248700000000000;0.00206700000000000;0.000608000000000000
0.00349500000000000;-0.00358300000000000;-0.00135900000000000
0.00231500000000000;0.000675000000000000;0.000144000000000000
0.00391500000000000;-0.00572400000000000;-0.000808000000000000
-0.00168300000000000;0.000923000000000000;-0.00228600000000000
0.00521200000000000;-0.00449600000000000;-0.00178300000000000
0.00204300000000000;-0.00159900000000000;-0.000493000000000000
0.00119000000000000;-0.00826700000000000;0.000160000000000000
0.00526300000000000;-0.00525700000000000;-0.00202500000000000
0.000159000000000000;-0.000266000000000000;-0.00384100000000000
-0.000600000000000000;2.30000000000000e-05;-0.000733000000000000
0.00346300000000000;-0.00391300000000000;-3.20000000000000e-05
0.00589400000000000;-0.00292000000000000;-0.00218500000000000
-0.000258000000000000;0.00292500000000000;-0.00351800000000000
-0.00100400000000000;0.000596000000000000;-0.00297100000000000
4.30000000000000e-05;0.000110000000000000;-0.000335000000000000
0.00288800000000000;-0.00145700000000000;0.000251000000000000
0.000816000000000000;-0.000645000000000000;-0.00202300000000000
-0.00309700000000000;0.00104600000000000;-0.00175300000000000
0.00220100000000000;0.000431000000000000;-0.00169500000000000
0.00129700000000000;-0.00386900000000000;-0.00168300000000000
0.00362500000000000;-0.00520100000000000;-0.00108200000000000
0.00268200000000000;-0.000846000000000000;-0.000254000000000000
-0.000289000000000000;0.00336800000000000;-0.00397900000000000
-0.00187400000000000;0.00136800000000000;-0.00344000000000000
-0.00222300000000000;0.00134700000000000;-0.00286700000000000
0.00384600000000000;-0.00351100000000000;-0.00257200000000000
-8.30000000000000e-05;0.000989000000000000;0.00125900000000000
0.00536700000000000;-0.00145400000000000;-0.00397200000000000
0.00100700000000000;-0.00138500000000000;0.000320000000000000
0.00374600000000000;-0.00193000000000000;-0.00297000000000000
0.00166200000000000;-0.00250700000000000;-0.00146700000000000
0.000554000000000000;-0.00314800000000000;0.000454000000000000
0.000596000000000000;0.000635000000000000;-0.00125500000000000
0.00640000000000000;-0.00263200000000000;-0.00190200000000000
0.00140300000000000;-0.00416700000000000;0.00170200000000000
0.000688000000000000;-0.00491700000000000;-0.000540000000000000
0.00231000000000000;-0.00540100000000000;-0.000592000000000000
-0.00255700000000000;0.000456000000000000;-0.00396600000000000
0.00242900000000000;-0.00101400000000000;-0.00115500000000000
0.00168500000000000;-0.000299000000000000;-0.00253100000000000
0.00404800000000000;-0.00267400000000000;-0.00158500000000000
0.00288400000000000;-0.00283700000000000;-0.000828000000000000
0.00481800000000000;-0.000232000000000000;-0.00132200000000000
0.00295900000000000;0.00181500000000000;-0.00136500000000000
0.000798000000000000;-0.00138600000000000;-0.00578300000000000
0.000299000000000000;-0.000487000000000000;0.00180800000000000
0.00543500000000000;-0.00311100000000000;-0.00126200000000000
-0.00160100000000000;-0.00494700000000000;-0.00166600000000000
0.00154200000000000;-0.00450500000000000;-0.00204700000000000
0.00460300000000000;-0.00397300000000000;-0.00364200000000000
-0.00131900000000000;0.00153700000000000;-0.00333000000000000
0.00388300000000000;0.00106300000000000;-0.000532000000000000
0.00269800000000000;-0.00194600000000000;0.000943000000000000
0.00430600000000000;-0.00421500000000000;-0.000183000000000000
-0.000962000000000000;-0.00131900000000000;-0.00214900000000000
0.00582600000000000;-0.00522400000000000;0.00214300000000000
-0.00213000000000000;0.00222600000000000;0.000258000000000000
-0.000511000000000000;-0.000611000000000000;0.000440000000000000
-0.00257400000000000;-0.00202200000000000;0.00125500000000000
0.00425500000000000;-0.00755300000000000;-0.00220700000000000
0.00686000000000000;-0.00232000000000000;-0.00261700000000000
0.000262000000000000;-0.00293600000000000;-0.00243400000000000
-0.00113700000000000;-0.000158000000000000;0.000248000000000000
-0.000385000000000000;-9.60000000000000e-05;-0.000585000000000000
0.00433000000000000;-0.00396000000000000;-0.000503000000000000
-0.000550000000000000;0.000220000000000000;-0.000451000000000000
0.00283700000000000;-0.00632000000000000;0.00122600000000000
-0.000263000000000000;-0.00180800000000000;0.000738000000000000
0.00196000000000000;-0.00173200000000000;0.000876000000000000
-0.00122100000000000;0.00215600000000000;-0.00190900000000000
-0.00380500000000000;0.00229900000000000;-0.000752000000000000
-0.00173400000000000;-0.00353100000000000;-0.00339300000000000
0.000350000000000000;0.00211200000000000;0.00306800000000000
0.00449600000000000;-0.00271900000000000;-0.000349000000000000
-0.000102000000000000;-0.000654000000000000;-0.00250000000000000
0.00144700000000000;0.00475000000000000;-0.00150100000000000
0.00248800000000000;-0.00585900000000000;-0.000242000000000000
0.00383100000000000;-0.00133700000000000;-0.000695000000000000
0.00135900000000000;0.00128100000000000;-0.00149300000000000
0.00379700000000000;-0.000802000000000000;-0.00218100000000000
0.00496400000000000;-0.00276100000000000;-0.000531000000000000
-0.000910000000000000;-0.00336900000000000;-0.00208200000000000
-0.000532000000000000;-0.000804000000000000;-0.000825000000000000
0.00153100000000000;0.00172000000000000;-0.00149100000000000
0.00369600000000000;-0.00241000000000000;0.000483000000000000
-0.00171700000000000;-0.00110300000000000;0.000538000000000000
0.00267000000000000;-0.00430100000000000;-0.00407800000000000
-0.00163900000000000;0.00134800000000000;-0.00286400000000000
0.00486500000000000;-0.00173500000000000;-0.000310000000000000
0.00718300000000000;-0.00120800000000000;-0.00201400000000000
0.00207900000000000;-0.00283000000000000;-0.00150100000000000
0.000448000000000000;-0.00292500000000000;-0.000659000000000000
0.00345400000000000;-0.00503400000000000;0.000384000000000000
0.00258700000000000;-0.00204400000000000;0.00387300000000000
0.00287100000000000;-0.00436500000000000;-0.00141700000000000
-0.000524000000000000;0.000349000000000000;-0.00231500000000000
0.00277200000000000;-0.00174100000000000;0.00176400000000000
0.00346500000000000;0.000989000000000000;-0.00102900000000000
0.00221700000000000;0.00109500000000000;-0.00154300000000000
0.00107900000000000;-0.00392100000000000;0.00124900000000000
-0.000202000000000000;0.00310700000000000;-0.00204900000000000
0.00198300000000000;-0.00422900000000000;0.00153900000000000
0.00126700000000000;-0.00172700000000000;-0.000205000000000000
-0.000812000000000000;-0.00214000000000000;-0.00440100000000000
0.000918000000000000;-0.00368700000000000;-0.00102200000000000
0.000968000000000000;0.00255500000000000;-0.00371600000000000
0.00464500000000000;-0.00426600000000000;-0.00101400000000000
0.00143900000000000;-0.000955000000000000;-0.00318100000000000
-0.000204000000000000;0.00210900000000000;-0.00155500000000000
3.60000000000000e-05;-0.00441700000000000;-0.000180000000000000
0.00230100000000000;-0.00353400000000000;-0.000311000000000000
0.00433500000000000;-0.00365300000000000;-0.00274000000000000
0.00288000000000000;-0.00677900000000000;-0.00184600000000000
0.00117700000000000;7.00000000000000e-05;-0.000933000000000000
0.00343800000000000;0.000842000000000000;0.00445800000000000
0.000329000000000000;-0.00254700000000000;-0.000276000000000000
0.00381700000000000;-0.00531700000000000;-0.00195100000000000
0.00524500000000000;-0.00400600000000000;-0.00101300000000000
-0.00387100000000000;-0.00215300000000000;-0.00335200000000000
0.00251800000000000;-0.000595000000000000;0.000777000000000000
0.00280300000000000;0.000334000000000000;-0.00413100000000000
0.00432500000000000;-0.00409000000000000;0.00319500000000000
0.00189200000000000;0.00192600000000000;0.000133000000000000
0.00416400000000000;-0.00455900000000000;0.000184000000000000
0.00259600000000000;-0.00130800000000000;-0.00168400000000000
0.00407700000000000;-0.00147500000000000;0.000394000000000000
0.00305900000000000;-0.00748200000000000;0.000991000000000000
0.00319800000000000;-0.00419000000000000;-0.00151200000000000
0.00169200000000000;-6.50000000000000e-05;-0.00270400000000000
0.00205300000000000;-0.00659400000000000;-0.00175700000000000
0.00390900000000000;-0.00171200000000000;0.00133800000000000
0.00457400000000000;-0.00602100000000000;-0.00394100000000000
0.00433500000000000;-0.00517500000000000;-0.000822000000000000
0.00177500000000000;-0.00525100000000000;-0.00284300000000000
0.000671000000000000;0.000550000000000000;0.00253500000000000
0.00180200000000000;-0.00325700000000000;-0.000355000000000000
0.00424800000000000;-0.00448100000000000;-0.00176900000000000
0.00143700000000000;-0.00201100000000000;-0.00153500000000000
0.00142700000000000;-0.00200300000000000;-0.000484000000000000
0.00124900000000000;0.00217700000000000;0.00162700000000000
0.000879000000000000;-0.000834000000000000;-0.00457900000000000
0.00345900000000000;-0.00285600000000000;-0.00209500000000000
0.00523800000000000;-0.00560900000000000;-0.000582000000000000
0.00147100000000000;-0.00257900000000000;-0.00325500000000000
0.00305700000000000;-0.00147900000000000;-0.00170400000000000
0.00298600000000000;-0.00430400000000000;0.000596000000000000
0.00206000000000000;-0.00612500000000000;-0.00190800000000000
0.00187400000000000;-2.30000000000000e-05;-0.00199900000000000
0.00106200000000000;-0.00237900000000000;-0.000516000000000000
-0.00279500000000000;-0.000492000000000000;-0.00166600000000000
0.00608800000000000;-0.00708800000000000;0.00172200000000000
0.00362900000000000;2.80000000000000e-05;0.000237000000000000
0.00282200000000000;-0.000189000000000000;-0.000718000000000000
-0.000499000000000000;-0.00120900000000000;-0.00228200000000000
0.00268200000000000;-0.00334300000000000;-0.00273600000000000
0.00139000000000000;-0.00448600000000000;-0.00112900000000000
0.00254300000000000;-0.00189300000000000;-0.00217500000000000
0.00409700000000000;-0.00232700000000000;-0.00106400000000000
-0.000368000000000000;-0.000675000000000000;0.000203000000000000
0.00212600000000000;-0.00249900000000000;-0.000308000000000000
-0.000324000000000000;-0.00131600000000000;-0.000278000000000000
0.00282600000000000;-0.00201200000000000;-0.00270600000000000
0.000344000000000000;0.00214100000000000;-0.00124700000000000
0.00443000000000000;-0.00202600000000000;0.000338000000000000
0.00181400000000000;-0.00510000000000000;0.00110000000000000
0.00421000000000000;-0.00413600000000000;0.00250500000000000
0.00231100000000000;-0.00244400000000000;-0.00103700000000000
-0.00352300000000000;0.00597700000000000;-0.00376000000000000
0.00303500000000000;0.000694000000000000;0.000791000000000000
0.00391300000000000;-0.00582000000000000;-0.00115100000000000
0.00449200000000000;-0.00763400000000000;-0.00259300000000000
0.000565000000000000;0.000528000000000000;0.000801000000000000
0.000147000000000000;-0.00176000000000000;-5.80000000000000e-05
0.00383700000000000;-0.00539200000000000;0.000156000000000000
0.00241300000000000;-0.00319000000000000;-0.00259100000000000
0.00103800000000000;-0.00524500000000000;0.00136300000000000
0.00317200000000000;-0.00250100000000000;-0.000769000000000000
0.00301800000000000;-0.00613400000000000;-0.00218000000000000
-0.00325200000000000;0.00158300000000000;-0.00340400000000000
0.00311600000000000;-0.00430100000000000;-0.00322800000000000
0.000639000000000000;-0.00520600000000000;0.000113000000000000
0.00303100000000000;-0.00686100000000000;-0.000830000000000000
0.00582100000000000;-0.00580100000000000;0.000241000000000000
0.00238100000000000;-0.000618000000000000;-0.00200400000000000
0.00270700000000000;-0.00171000000000000;-0.000434000000000000
0.00249200000000000;0.00386100000000000;-0.00129800000000000
-0.00328400000000000;0.00217100000000000;0.00305400000000000
0.00106700000000000;-0.00190800000000000;0.00124900000000000
0.00178600000000000;-0.00269300000000000;-0.000385000000000000
-0.000410000000000000;-0.00150500000000000;-0.00167400000000000
0.00125800000000000;-0.000637000000000000;-0.00364700000000000
0.00376800000000000;-0.00469100000000000;-3.00000000000000e-06
-0.00215000000000000;0.000536000000000000;-0.000639000000000000
0.00420200000000000;-0.00476200000000000;0.00194000000000000
0.000667000000000000;0.00250800000000000;-2.70000000000000e-05
0.00486700000000000;-0.00514000000000000;-0.00140100000000000
0.00349700000000000;-0.00157200000000000;-0.00510600000000000
0.00177800000000000;0.000241000000000000;0.000465000000000000
0.00293500000000000;-0.00232600000000000;-0.000881000000000000
0.00348800000000000;-0.00231100000000000;-0.00138900000000000
-8.50000000000000e-05;0.00124200000000000;-3.50000000000000e-05
0.00208400000000000;-0.00337100000000000;-0.00194700000000000
-0.00218100000000000;-0.00389300000000000;-0.00190600000000000
0.00306500000000000;-0.00477300000000000;-0.00288700000000000
0.00190600000000000;-0.00618500000000000;0.000112000000000000
0.00459900000000000;-0.000308000000000000;-0.00386500000000000
-0.00115000000000000;0.00513100000000000;-0.00247900000000000
-0.000788000000000000;0.00324000000000000;0.000132000000000000
-0.00171500000000000;-0.00266900000000000;0.000932000000000000
0.00256100000000000;0.000105000000000000;0.00239300000000000
0.00145500000000000;0.000635000000000000;-0.00134400000000000
0.00427100000000000;0.000410000000000000;-0.000204000000000000
-0.00208600000000000;8.00000000000000e-06;-0.00292400000000000
0.000247000000000000;0.00381800000000000;-0.000563000000000000
-0.00201600000000000;-0.00174400000000000;-0.00220000000000000
0.00215700000000000;-0.00735200000000000;-0.000389000000000000
-0.000818000000000000;-0.00129800000000000;-0.00265000000000000
0.00217500000000000;0.00168500000000000;-0.000175000000000000
0.00293200000000000;-0.00367800000000000;-0.00134100000000000
0.00220100000000000;-0.00203600000000000;0.00122000000000000
0.00189200000000000;-0.00193900000000000;-0.00178600000000000
0.00274000000000000;-0.000520000000000000;-0.00308000000000000
0.00188100000000000;-0.00601500000000000;0.000989000000000000
0.00451900000000000;-0.00430300000000000;-0.00184100000000000
0.00390100000000000;-0.00156200000000000;-0.00210100000000000
0.00230300000000000;-0.00635100000000000;-0.00221700000000000
0.00222800000000000;-0.00173300000000000;-0.000632000000000000
0.00370900000000000;-0.00149300000000000;0.000622000000000000
0.00273300000000000;-0.00305900000000000;0.00102600000000000
0.000175000000000000;0.00240800000000000;0.000526000000000000
0.00478900000000000;-0.00161100000000000;-0.00182800000000000
0.00215800000000000;-0.00427300000000000;0.00123200000000000
0.00337700000000000;-0.00199900000000000;-0.00439500000000000
0.00585500000000000;-0.00592200000000000;0.00277800000000000
0.00225400000000000;-0.00608500000000000;-0.00339100000000000
0.00140000000000000;-0.00683900000000000;-0.00177600000000000
-0.000353000000000000;-0.00201800000000000;-0.00286800000000000
0.00213900000000000;0.00186000000000000;0.00119200000000000
0.00123000000000000;-0.00844000000000000;-0.00301100000000000
0.00391800000000000;-0.00555500000000000;0.000284000000000000
0.00306700000000000;-0.00127500000000000;-0.000608000000000000
0.00745600000000000;-0.00526500000000000;-0.00106600000000000
0.00401100000000000;-0.00680900000000000;0.00125600000000000
0.000762000000000000;0.00257000000000000;-0.00346300000000000
0.00155500000000000;0.000786000000000000;-0.000849000000000000
-0.00205800000000000;0.00226300000000000;-0.00195400000000000
0.00274900000000000;0.00344000000000000;-0.00339300000000000
0.00237500000000000;-0.00425900000000000;-0.00267000000000000
0.00415200000000000;-0.00448600000000000;-0.00178300000000000
0.00361800000000000;-0.00459300000000000;0.00116700000000000
0.000576000000000000;0.00132300000000000;-0.00173300000000000
0.000472000000000000;-0.000286000000000000;-0.000783000000000000
0.00250100000000000;-0.00334900000000000;-0.000210000000000000
-0.000470000000000000;0.000264000000000000;0.000103000000000000
0.00161400000000000;0.00121000000000000;-0.00393500000000000
-0.000417000000000000;-0.00436100000000000;0.00130500000000000
0.00108700000000000;-0.00237200000000000;-0.00257200000000000
0.00475100000000000;-0.00586500000000000;-0.000354000000000000
0.000485000000000000;-0.00453900000000000;-0.00109300000000000
0.00259200000000000;-0.00532100000000000;-0.00222400000000000
0.00281500000000000;-0.00205600000000000;-0.00189700000000000
0.000562000000000000;-0.00234700000000000;-0.000299000000000000
0.00188900000000000;-0.00431300000000000;0.00444300000000000
0.00375100000000000;-0.00277100000000000;-0.000569000000000000
0.00210000000000000;-0.00163300000000000;-0.000854000000000000
0.00544800000000000;-0.00433700000000000;-0.000735000000000000
0.00377600000000000;-0.00256700000000000;-0.000322000000000000
-0.000794000000000000;-0.00240200000000000;0.000469000000000000
0.00341800000000000;-0.00642000000000000;-0.00407400000000000
0.00228000000000000;0.00166400000000000;-0.00387200000000000
0.00320000000000000;-0.00163500000000000;-0.00196800000000000
0.00804800000000000;-0.00871800000000000;-0.00188300000000000
0.00367700000000000;-0.000598000000000000;-0.000407000000000000
-0.000115000000000000;9.80000000000000e-05;-0.000442000000000000
0.00213600000000000;0.000470000000000000;-0.00261100000000000
0.00297400000000000;-0.00354500000000000;-0.00344800000000000
-0.00116600000000000;0.000490000000000000;-0.000490000000000000
0.000277000000000000;-0.00438100000000000;0.00100500000000000
0.00343800000000000;-0.00528300000000000;-0.000539000000000000
0.000224000000000000;-0.00434200000000000;-0.000369000000000000
-0.000546000000000000;-0.000463000000000000;-0.00324600000000000
0.00239500000000000;-0.00122300000000000;0.000293000000000000
0.00458800000000000;-0.00562900000000000;-0.000523000000000000
0.00410800000000000;-0.00206200000000000;-0.00114700000000000
0.000133000000000000;0.00265400000000000;-0.00100100000000000
0.000177000000000000;-0.00554400000000000;0.000192000000000000
0.00130600000000000;-0.00186300000000000;-0.00151500000000000
-0.00252300000000000;-0.00244900000000000;0.00117600000000000
0.00234300000000000;-0.000566000000000000;-0.000916000000000000
0.00373800000000000;-0.00313600000000000;0.00226000000000000
0.00252500000000000;-0.000980000000000000;0.000436000000000000
0.00329700000000000;-0.00227400000000000;-0.00218500000000000
0.00300800000000000;-0.00516400000000000;-0.00132000000000000
-0.000774000000000000;0.00186100000000000;-0.00183000000000000
-0.000157000000000000;-0.00126300000000000;-0.000874000000000000
-0.000931000000000000;-0.00425500000000000;-0.00553500000000000
0.00372800000000000;-0.00205200000000000;0.000215000000000000
0.00147500000000000;-0.00218800000000000;-0.000224000000000000
0.00149200000000000;-0.00403200000000000;-0.000761000000000000
0.00378100000000000;-0.000413000000000000;-0.00444100000000000
0.00573600000000000;-0.00230900000000000;-0.000108000000000000
0.00175000000000000;-0.00182400000000000;-0.00170600000000000
0.000175000000000000;-0.00326500000000000;-5.20000000000000e-05
-6.70000000000000e-05;0.00132400000000000;-0.00288000000000000
0.00153800000000000;-0.00307700000000000;-0.00351000000000000
0.00436100000000000;-0.00193900000000000;0.000247000000000000
8.00000000000000e-05;-0.000625000000000000;-0.00332000000000000
0.00236200000000000;-0.000899000000000000;0.00188000000000000
0.00448200000000000;-0.00796700000000000;0.000155000000000000
-0.00386400000000000;0.000320000000000000;-0.000644000000000000
0.00153700000000000;-0.00183100000000000;-0.00358000000000000
-0.00223600000000000;0.000348000000000000;-0.00116000000000000
0.00157300000000000;-0.00170400000000000;-0.00296300000000000
0.000378000000000000;-0.00178700000000000;0.000637000000000000
0.000209000000000000;-0.00510700000000000;-0.00132900000000000
0.00235600000000000;0.00172900000000000;-0.00340900000000000
0.000257000000000000;-0.00420500000000000;0.000835000000000000
0.000532000000000000;0.00247500000000000;-0.00248500000000000
0.000501000000000000;0.000340000000000000;-0.00345500000000000
-0.000102000000000000;-0.00289500000000000;-0.00282300000000000
0.000879000000000000;-0.00238800000000000;-0.00478100000000000
0.00412000000000000;-0.00453000000000000;-6.60000000000000e-05
-0.00132500000000000;0.00103400000000000;-0.00299500000000000
0.00327600000000000;-0.00483300000000000;0.00357000000000000
0.000423000000000000;-0.000747000000000000;0.000656000000000000
0.00246800000000000;-0.00142400000000000;-0.00214500000000000
0.00110400000000000;-0.000289000000000000;0.000580000000000000
0.00157500000000000;8.10000000000000e-05;0.000950000000000000
0.00100100000000000;-0.00200100000000000;0.000544000000000000
0.00226000000000000;-0.00145800000000000;0.000917000000000000
-0.000731000000000000;0.000924000000000000;-0.00259200000000000
0.00571200000000000;-0.000944000000000000;-0.00411400000000000
-0.000333000000000000;-0.00260000000000000;-0.00315200000000000
-0.00289800000000000;-0.000509000000000000;-0.00209300000000000
0.00212600000000000;-0.00123300000000000;-9.00000000000000e-06
-0.00302900000000000;-0.00218900000000000;0.000168000000000000
0.00380200000000000;-0.00361800000000000;-0.00322900000000000
0.00495600000000000;-0.00296200000000000;-0.00315500000000000
0.000565000000000000;-0.00489400000000000;-0.00257700000000000
0.00123100000000000;-0.000211000000000000;0.00251100000000000
0.00362400000000000;-0.00540900000000000;-0.00185900000000000
-6.30000000000000e-05;0.00186300000000000;-0.00173700000000000
0.00327400000000000;-0.00547200000000000;-0.00296300000000000
0.00401800000000000;0.000865000000000000;-0.000465000000000000
0.000823000000000000;0.00173000000000000;-0.00220800000000000
0.000255000000000000;-0.00504700000000000;-0.00280500000000000
0.000751000000000000;-0.00135700000000000;-0.00524300000000000
-0.000818000000000000;-0.00320900000000000;-0.00105400000000000
0.000106000000000000;-0.00176700000000000;0.00444400000000000
0.00185600000000000;-0.00309900000000000;-0.00379000000000000
-0.00342200000000000;0.00137200000000000;-0.00279800000000000
0.000158000000000000;0.00268800000000000;0.00171400000000000
0.00487900000000000;0.000340000000000000;-0.00662200000000000
0.000679000000000000;-0.00395100000000000;-0.00330700000000000
0.00212100000000000;0.00158300000000000;-0.00114200000000000
0.000662000000000000;-6.60000000000000e-05;-0.00332300000000000
0.00151100000000000;-0.00517900000000000;-0.00143500000000000
0.00327200000000000;-6.80000000000000e-05;-0.00449100000000000
0.00277900000000000;-0.00371500000000000;-0.000961000000000000
0.00386100000000000;-0.00277500000000000;-0.000936000000000000
0.00510300000000000;0.00224600000000000;-0.00198700000000000
0.00145200000000000;0.00143500000000000;-0.00393500000000000
0.00453600000000000;-0.00294700000000000;0.000333000000000000
0.00298600000000000;-0.00429400000000000;-0.00246900000000000
0.00281000000000000;-0.000806000000000000;-0.00161200000000000
-0.000227000000000000;0.00269300000000000;-0.00229000000000000
-0.00167200000000000;0.00243000000000000;-0.00158300000000000
0.00162500000000000;-0.000652000000000000;3.00000000000000e-05
0.00398200000000000;-0.00230100000000000;-0.00150200000000000
0.00234800000000000;-0.00579300000000000;0.000829000000000000
0.00163900000000000;-0.00147600000000000;-0.000928000000000000
0.000299000000000000;-0.00518800000000000;-0.00198600000000000
0.00371000000000000;-0.00167900000000000;-0.000737000000000000
0.00257700000000000;0.00187400000000000;0.000947000000000000
0.00123800000000000;-0.00697500000000000;0.000654000000000000
0.00299200000000000;-0.00489100000000000;0.00102000000000000
0.00291600000000000;-0.00197600000000000;0.000305000000000000
0.00430000000000000;-0.000238000000000000;0.000269000000000000
0.00352900000000000;-0.00424600000000000;0.000237000000000000
0.000712000000000000;-0.000272000000000000;-0.00187500000000000
-6.20000000000000e-05;0.00138500000000000;0.000817000000000000
0.00220800000000000;-0.00121800000000000;-0.00333500000000000
0.00473300000000000;-0.00524100000000000;-0.000885000000000000
0.000956000000000000;0.00102000000000000;0.00131500000000000
0.000696000000000000;-0.00764100000000000;-0.00233800000000000
-0.00299100000000000;0.000560000000000000;-0.00379200000000000
0.00240100000000000;-0.00239100000000000;-0.00434700000000000
0.00173300000000000;-0.00196900000000000;-0.00183400000000000
0.00687900000000000;-0.00353900000000000;-0.00421000000000000
0.000124000000000000;0.00136400000000000;0.00134600000000000
0.00212000000000000;-0.00514000000000000;-0.00252500000000000
0.00140300000000000;-0.00297100000000000;-0.00262700000000000
0.00258300000000000;-0.00512000000000000;-0.000246000000000000
0.000532000000000000;-0.000202000000000000;-4.40000000000000e-05
0.00113700000000000;-0.00294300000000000;0.00123000000000000
0.00280300000000000;-0.00149200000000000;-0.00587400000000000
-0.00174500000000000;0.00271400000000000;-0.00280900000000000
0.000894000000000000;0.00122100000000000;-0.00207200000000000
-0.00267900000000000;0.00319100000000000;-0.00223700000000000
0.00350900000000000;-0.00824400000000000;-0.00205500000000000
0.00454900000000000;-0.00223200000000000;-0.00253000000000000
0.00404900000000000;-0.00457000000000000;0.000327000000000000
0.00292800000000000;-0.00357100000000000;-0.000534000000000000
-0.000726000000000000;-0.000394000000000000;0.000422000000000000
0.00387900000000000;-0.000479000000000000;-0.00272900000000000
-0.000341000000000000;-0.00515900000000000;-0.00243200000000000
0.00426700000000000;-0.00301700000000000;-0.000432000000000000
-0.000259000000000000;0.000873000000000000;0.00121500000000000
0.000462000000000000;0.00118100000000000;-0.00317100000000000
0.00261100000000000;-0.00298100000000000;-0.000342000000000000
-0.000334000000000000;0.000785000000000000;-0.00126700000000000
0.00139300000000000;-0.00192400000000000;-0.000958000000000000
0.00211700000000000;-0.00176200000000000;0.00107100000000000
0.00181900000000000;-0.00199300000000000;0.00152100000000000
0.00178900000000000;-0.00431300000000000;-0.00131200000000000
-0.000395000000000000;-0.00354400000000000;-0.00212700000000000
0.00186600000000000;-0.000842000000000000;-0.00332200000000000
0.00220000000000000;0.00104000000000000;-0.00157000000000000
0.000143000000000000;-0.00360000000000000;0.000357000000000000
0.00502700000000000;-0.00144300000000000;-0.00240300000000000
-0.00121600000000000;-0.000599000000000000;-0.000664000000000000
0.00229400000000000;-0.00501800000000000;-0.000916000000000000
0.00346000000000000;-8.10000000000000e-05;-0.000931000000000000
-3.90000000000000e-05;-0.00167600000000000;0.000432000000000000
0.00193300000000000;-0.00435600000000000;0.00315000000000000
0.000299000000000000;-0.00513100000000000;-0.00133500000000000
0.000511000000000000;-0.00162800000000000;-0.00158200000000000
0.00349500000000000;-0.00268400000000000;0.00247000000000000
0.00348200000000000;-0.00250500000000000;-0.000248000000000000
0.00323300000000000;0.00135500000000000;-0.00577600000000000
0.00217600000000000;-0.00457300000000000;-0.00285000000000000
-0.000542000000000000;-0.00425000000000000;8.80000000000000e-05
-0.00138200000000000;-0.000604000000000000;-0.00317700000000000
-0.000777000000000000;0.000409000000000000;-0.00339900000000000
0.00292600000000000;-0.00134800000000000;-0.00547900000000000
-0.00151600000000000;-0.00284700000000000;-0.00436500000000000
0.00401000000000000;-0.00241700000000000;0.000314000000000000
0.00292300000000000;-0.00177200000000000;-0.00311500000000000
0.00317800000000000;-0.00403500000000000;-0.00261900000000000
0.00160000000000000;0.000663000000000000;-0.00274400000000000
-0.000578000000000000;-0.00108800000000000;0.00314300000000000
0.00396100000000000;-0.00511300000000000;-0.000810000000000000
0.00214900000000000;0.000502000000000000;-0.000402000000000000
0.00521900000000000;-0.00671500000000000;0.00315300000000000
0.00187800000000000;-0.00257500000000000;-0.00155300000000000
0.00523800000000000;-0.00415600000000000;7.30000000000000e-05
0.00189200000000000;-0.00273700000000000;-0.000101000000000000
0.00100300000000000;-0.00483400000000000;-0.00215800000000000
0.00508200000000000;-0.00244800000000000;0.00177000000000000
-0.00104700000000000;0.000808000000000000;-0.00229000000000000
-0.000540000000000000;-0.000854000000000000;-6.30000000000000e-05
0.00443400000000000;-0.00222100000000000;0.00135100000000000
0.00140000000000000;-0.00411500000000000;-0.00137300000000000
0.00175300000000000;0.000995000000000000;-0.000573000000000000
0.00178500000000000;-0.00157700000000000;-0.00431500000000000
-0.00106400000000000;-0.00487600000000000;-0.00353600000000000
-0.00145200000000000;-0.000238000000000000;-0.000398000000000000
0.00115100000000000;-0.00296700000000000;-0.00259900000000000
0.00154300000000000;0.00246900000000000;-0.00642100000000000
0.00229200000000000;0.000129000000000000;8.70000000000000e-05
-0.00113700000000000;0.00114700000000000;-0.00243200000000000
-0.00140700000000000;-0.000272000000000000;7.10000000000000e-05
0.00247900000000000;-0.00424900000000000;0.000629000000000000
0.00112400000000000;-0.00590800000000000;-0.000987000000000000
0.00255200000000000;-0.00289300000000000;-0.000181000000000000
0.00665300000000000;-0.00309600000000000;-0.00536800000000000
0.00238400000000000;0.00137500000000000;-0.00118300000000000
-0.00296400000000000;-0.00110600000000000;-0.00328400000000000
0.00377300000000000;-0.00388700000000000;0.000167000000000000
-0.000415000000000000;0.00244500000000000;-0.00255600000000000
-0.00152500000000000;0.000459000000000000;-0.00195100000000000
0.000924000000000000;-0.00364200000000000;-0.00250000000000000
-0.000816000000000000;0.000148000000000000;-0.00317300000000000
0.00134100000000000;-0.000760000000000000;-0.00203200000000000
0.000907000000000000;-0.00283200000000000;0.000245000000000000
0.000565000000000000;-0.00415200000000000;-0.00299000000000000
0.000739000000000000;-0.00373900000000000;0.00298700000000000
0.000751000000000000;-0.00317200000000000;-0.00230400000000000
0.00263400000000000;-0.00345600000000000;-0.000249000000000000
0.00249400000000000;-0.00136800000000000;-0.00452700000000000
0.00355200000000000;-0.00695000000000000;-0.000540000000000000
0.00280600000000000;0.00294900000000000;0.000575000000000000
0.00355200000000000;-0.00346000000000000;-0.00267100000000000
0.00301300000000000;-0.00187700000000000;-0.00207900000000000
0.00201900000000000;-0.00298100000000000;-0.00433300000000000
0.00208200000000000;-0.000689000000000000;0.00138100000000000
0.00213600000000000;0.000100000000000000;-0.00285400000000000
-9.10000000000000e-05;-0.00360200000000000;0.00228800000000000
-0.00272400000000000;-0.00259800000000000;-7.00000000000000e-06
0.00204500000000000;-0.00463900000000000;1.10000000000000e-05
0.00103600000000000;-0.00128600000000000;0.000742000000000000
0.00221800000000000;-0.00286500000000000;-0.00201400000000000
0.00429100000000000;-0.00281900000000000;-0.000646000000000000
0.00150300000000000;0.00337900000000000;-0.00206000000000000
0.00747100000000000;-0.00156600000000000;0.000474000000000000
-0.000310000000000000;-0.00113400000000000;-0.00154100000000000
0.00185200000000000;-0.00419100000000000;-0.00167500000000000
0.00195400000000000;-0.00331700000000000;-0.00347200000000000
0.00332800000000000;-0.00277500000000000;-0.00483100000000000
0.00484600000000000;-0.00532800000000000;-0.000296000000000000
0.00104000000000000;0.000624000000000000;-0.00259500000000000
0.000382000000000000;-0.00637600000000000;-0.00265500000000000
-0.000776000000000000;0.000992000000000000;0.000887000000000000
0.00159600000000000;-0.00507300000000000;0.000359000000000000
-0.000610000000000000;-0.00343900000000000;-0.00394900000000000
0.00236900000000000;-0.000750000000000000;-0.00339100000000000
0.00335300000000000;0.00251100000000000;-0.00369800000000000
0.000867000000000000;-0.00124500000000000;-0.00354200000000000
-0.000560000000000000;-0.000248000000000000;-0.00272300000000000
0.00131800000000000;-0.00963900000000000;0.000485000000000000
0.00286200000000000;-0.00265800000000000;-0.00106300000000000
0.00696400000000000;-0.00702200000000000;-0.00176900000000000
0.00102500000000000;-0.00399400000000000;-0.00164400000000000
0.000257000000000000;-0.00397300000000000;-0.00416900000000000
-0.00105800000000000;-0.000816000000000000;-0.00148900000000000
-0.00287300000000000;0.000739000000000000;-0.000639000000000000
0.000841000000000000;-0.00563700000000000;0.00163700000000000
-0.000235000000000000;0.00130800000000000;-0.00453100000000000
-0.000432000000000000;-0.00352100000000000;-0.000877000000000000
0.00113800000000000;-0.000321000000000000;-0.00243100000000000
0.000889000000000000;-0.00304500000000000;-0.000717000000000000
0.00685300000000000;-0.00119100000000000;-0.00186200000000000
0.00127300000000000;-0.00300300000000000;-0.00243000000000000
0.00201000000000000;-0.00213100000000000;-0.00251600000000000
0.00434700000000000;-0.000119000000000000;-0.00432000000000000
0.00388000000000000;-0.00737100000000000;0.000382000000000000
0.00259100000000000;-0.00289000000000000;-0.00119600000000000
0.000868000000000000;-0.000821000000000000;-1.20000000000000e-05
0.00199500000000000;-0.00174000000000000;0.000541000000000000
0.00210900000000000;-0.00247400000000000;-0.00146900000000000
0.00187500000000000;-0.00584200000000000;-0.00452800000000000
0.00259500000000000;0.00155000000000000;-0.000920000000000000
0.000210000000000000;-0.00189700000000000;-0.000691000000000000
-0.000111000000000000;-0.00216200000000000;-0.00159700000000000
0.00552200000000000;-0.00714200000000000;0.00124200000000000
0.00407500000000000;0.000854000000000000;-0.00289200000000000
0.00268800000000000;-0.00128900000000000;-0.00210900000000000
0.00573000000000000;-0.00313900000000000;-0.00145000000000000
0.00548000000000000;-0.000877000000000000;-0.00313700000000000
0.00263200000000000;-0.00321800000000000;-0.00173800000000000
0.00202700000000000;0.000226000000000000;-0.000895000000000000
0.00533900000000000;-0.00546600000000000;-0.000264000000000000
0.00677900000000000;-0.00264000000000000;-0.00459500000000000
0.00575800000000000;-0.00509900000000000;-0.00166700000000000
-0.000243000000000000;0.00275000000000000;-0.00722400000000000
0.00152400000000000;-0.00524900000000000;-0.00646900000000000
0.00347900000000000;-0.00446900000000000;-0.00178500000000000
0.00194100000000000;-0.00691900000000000;0.000504000000000000
0.00240000000000000;-0.00328600000000000;-0.000894000000000000
0.00367200000000000;-0.00686500000000000;0.000571000000000000
-0.000294000000000000;0.000813000000000000;-0.00197600000000000
0.00139200000000000;-0.00320600000000000;-0.00118400000000000
0.00499700000000000;-0.00173900000000000;-0.00103700000000000
0.000398000000000000;-0.00223300000000000;0.000328000000000000
0.00196700000000000;0.00181600000000000;-0.000543000000000000
0.000554000000000000;-0.00665200000000000;0.000230000000000000
0.00163600000000000;-0.00404000000000000;-0.00314000000000000
-8.20000000000000e-05;-0.00189300000000000;-0.000930000000000000
-0.000703000000000000;-0.00430700000000000;-0.00229100000000000
0.00539600000000000;-0.00185300000000000;0.00134700000000000
0.00113800000000000;-0.00441800000000000;-0.00174600000000000
0.00335800000000000;-0.00431300000000000;-0.000592000000000000
-0.00344500000000000;-0.00418300000000000;-0.00294000000000000
0.00535900000000000;-0.00348100000000000;-0.000641000000000000
-0.00111200000000000;-0.000557000000000000;-0.00187000000000000
0.00410700000000000;-0.00386600000000000;0.00185300000000000
0.00385700000000000;-0.00179100000000000;-0.00177600000000000
0.00163100000000000;0.000364000000000000;-0.00309200000000000
0.000722000000000000;-0.00296200000000000;0.00263300000000000
0.00193700000000000;-0.000528000000000000;-0.00533700000000000
0.00280500000000000;-0.000833000000000000;-0.00194700000000000
0.00202900000000000;-0.00124300000000000;-0.00114100000000000
0.00405800000000000;-0.00772600000000000;0.00135000000000000
-0.00242200000000000;0.000337000000000000;-0.000293000000000000
0.00117400000000000;0.000479000000000000;0.000759000000000000
0.00721600000000000;-0.00811400000000000;-0.00259300000000000
0.00185200000000000;-0.000169000000000000;-0.00209800000000000
0.00715700000000000;-0.00512500000000000;-0.00212400000000000
-0.00202200000000000;-0.00187900000000000;-0.00318200000000000
0.000757000000000000;0.000773000000000000;-0.00343900000000000
9.00000000000000e-05;0.00153600000000000;-0.00124100000000000
0.000500000000000000;-0.00393900000000000;-0.00640800000000000
0.00480700000000000;-0.00440400000000000;-0.000555000000000000
-0.000662000000000000;0.00361600000000000;-0.00395300000000000
-0.00156200000000000;-0.00349400000000000;0.000921000000000000
0.00418600000000000;-0.000195000000000000;-0.000968000000000000
0.00276200000000000;-0.00374500000000000;0.00112000000000000
-0.00224700000000000;-0.00171400000000000;-0.000898000000000000
0.00396300000000000;-0.00566000000000000;-0.00199500000000000
0.00249700000000000;-0.00174400000000000;0.000380000000000000
-0.000926000000000000;-0.00252000000000000;-0.00184600000000000
0.00156400000000000;-0.000202000000000000;-0.00201100000000000
0.00266300000000000;-0.00421200000000000;-9.50000000000000e-05
0.00189100000000000;-0.00109900000000000;0.00203000000000000
-0.000178000000000000;-0.00298400000000000;-0.00249500000000000
-0.00215000000000000;-0.00162400000000000;-0.00115300000000000
0.00157000000000000;-0.000836000000000000;-0.00305400000000000
0.00123100000000000;0.00193000000000000;-0.00307400000000000
-0.00163100000000000;-0.00421900000000000;0.00185700000000000
-0.00156600000000000;-0.00166200000000000;-0.00395500000000000
0.00650400000000000;-0.00237700000000000;-0.00222700000000000
0.00132500000000000;-0.00563300000000000;-0.00191800000000000
-2.70000000000000e-05;-0.00141700000000000;-0.000408000000000000
0.00161600000000000;-0.00569900000000000;-0.000444000000000000
0.00145400000000000;-0.00765200000000000;-4.70000000000000e-05
0.000751000000000000;0.00146900000000000;-0.00260100000000000
0.00503800000000000;-0.00484400000000000;-0.00244700000000000
0.000695000000000000;-0.00300800000000000;0.00371600000000000
0.00145000000000000;0.00114400000000000;-0.00100700000000000
-0.00150400000000000;0.00143200000000000;-0.00351000000000000
0.000238000000000000;0.000770000000000000;0.000345000000000000
0.00112100000000000;0.00246600000000000;-0.00243300000000000
0.000777000000000000;-0.00412200000000000;-0.00246600000000000
0.000540000000000000;-0.00152100000000000;-0.00466100000000000
0.00308400000000000;-0.00265700000000000;-0.00287200000000000
0.00170700000000000;-0.00314800000000000;-0.00203600000000000
0.00277400000000000;-0.000338000000000000;0.00134500000000000
0.00561600000000000;-0.000514000000000000;-0.00292500000000000
0.00337000000000000;0.000460000000000000;-0.000234000000000000
0.00104300000000000;-0.00449300000000000;-0.000825000000000000
-0.00238400000000000;0.000176000000000000;-0.00132400000000000
0.00503400000000000;-0.00625400000000000;-0.00163800000000000
0.000683000000000000;-0.00247100000000000;0.00140500000000000
0.00412400000000000;-0.00288500000000000;0.000495000000000000
0.00399700000000000;-0.00339500000000000;0.000722000000000000
0.00333100000000000;-0.00546400000000000;-0.00235900000000000
0.00341100000000000;-0.00334900000000000;0.000259000000000000
0.00328600000000000;-0.00232800000000000;0.000717000000000000
0.00100500000000000;-0.00593100000000000;0.00119400000000000
9.40000000000000e-05;-0.00133000000000000;-0.000823000000000000
0.00476500000000000;-0.00393500000000000;-0.000888000000000000
0.00148900000000000;0.000124000000000000;-0.00260800000000000
0.00503800000000000;-0.00452000000000000;0.000757000000000000
0.00437400000000000;-0.000802000000000000;-0.00372800000000000
0.00163800000000000;-0.000605000000000000;-0.00465900000000000
-0.00207700000000000;-0.00465800000000000;-0.00254500000000000
0.00212600000000000;0.000102000000000000;-0.000649000000000000
0.000168000000000000;0.000793000000000000;-0.00421300000000000
0.00111400000000000;-0.000516000000000000;-0.00348500000000000
0.000780000000000000;-0.00123900000000000;0.000858000000000000
0.00109900000000000;-0.00106400000000000;-0.00328200000000000
0.00230500000000000;-0.00201800000000000;-0.000573000000000000
0.000324000000000000;7.00000000000000e-06;-0.00201600000000000
-0.00241700000000000;-0.000247000000000000;-0.000658000000000000
0.00254200000000000;-0.00232900000000000;-0.00102100000000000
-0.000554000000000000;-0.000464000000000000;-0.00175500000000000
-0.000899000000000000;0.000982000000000000;-0.000448000000000000
0.00447300000000000;-0.00301500000000000;0.000649000000000000
0.000643000000000000;0.000105000000000000;-0.000945000000000000
0.00114600000000000;-0.00477800000000000;0.000721000000000000
-0.00229800000000000;-0.000879000000000000;0.00334500000000000
-9.80000000000000e-05;-0.00266900000000000;0.000653000000000000
-0.00263900000000000;0.000972000000000000;-0.00206000000000000
-0.000825000000000000;-0.00248500000000000;-0.00164700000000000
-0.000286000000000000;0.00261100000000000;-0.00285700000000000
-0.00215600000000000;0.00188000000000000;-0.00428000000000000
0.00306400000000000;-0.00145500000000000;-0.00146400000000000
0.000739000000000000;-0.00487300000000000;0.00166000000000000
0.00219000000000000;-0.00324200000000000;0.000397000000000000
0.000661000000000000;-0.00340600000000000;0.00147500000000000
-0.00219200000000000;-0.000655000000000000;-0.00353700000000000
0.00228800000000000;-0.00170900000000000;-0.000853000000000000
0.00279800000000000;-0.00389400000000000;0.00171600000000000
0.00242600000000000;-0.00290500000000000;-0.00205000000000000
-0.00226500000000000;-0.00194700000000000;0.000195000000000000
0.00228100000000000;0.000470000000000000;-0.00333700000000000
-0.000935000000000000;0.000693000000000000;-0.00195100000000000
0.00275600000000000;-0.00331300000000000;-0.00268600000000000
0.00562800000000000;0.00172100000000000;-0.00360700000000000
0.000605000000000000;-0.000234000000000000;-0.00191100000000000
-0.00407200000000000;-0.00486800000000000;0.00237900000000000
-0.00106100000000000;0.00278600000000000;-0.00426200000000000
-0.000269000000000000;4.90000000000000e-05;-0.00148300000000000
0.00184700000000000;-0.00180800000000000;-0.00222600000000000
0.00333500000000000;-0.00297100000000000;-0.00115400000000000
-0.00165300000000000;-0.00158200000000000;0.000505000000000000
-0.000497000000000000;0.000553000000000000;0.000830000000000000
0.000231000000000000;-0.00389300000000000;-0.00159000000000000
0.00237300000000000;-0.000183000000000000;-0.00246000000000000
0.00269900000000000;-0.00414800000000000;-0.000423000000000000
0.00582500000000000;0.000643000000000000;0.000794000000000000
0.00307800000000000;-0.00214800000000000;-0.00136900000000000
0.000462000000000000;-0.00421900000000000;-0.00129900000000000
0.00174300000000000;-0.00554000000000000;-0.00179600000000000
0.00379100000000000;-0.000336000000000000;0.000257000000000000
0.00357700000000000;-0.00412900000000000;-0.00114400000000000
-0.000853000000000000;0.00272300000000000;-0.00363200000000000
0.00389700000000000;-0.00420500000000000;-0.00331300000000000
0.00154200000000000;-0.000956000000000000;0.000819000000000000
-0.000326000000000000;0.000138000000000000;-0.00244100000000000
0.00349100000000000;-0.000190000000000000;-0.000718000000000000
0.00199000000000000;-0.00346500000000000;-0.00224900000000000
-0.000121000000000000;0.000857000000000000;-0.00145500000000000
0.00636800000000000;-0.00274100000000000;0.00341400000000000
-0.000452000000000000;-0.00105400000000000;-0.000817000000000000
0.000407000000000000;-0.00754400000000000;-0.000579000000000000
0.00559700000000000;-0.00110700000000000;-0.00101600000000000
0.00324200000000000;-0.000614000000000000;-0.00226400000000000
0.00345200000000000;0.000397000000000000;0.000488000000000000
0.00282600000000000;-0.00194700000000000;-0.00463900000000000
0.00544300000000000;-0.00321100000000000;0.00154300000000000
0.00166500000000000;-5.40000000000000e-05;-0.00394200000000000
0.00318000000000000;-0.000814000000000000;0.000602000000000000
0.00318300000000000;-0.00363600000000000;-0.00323600000000000
-0.00405000000000000;0.00126100000000000;-0.00206900000000000
-0.000692000000000000;0.000514000000000000;-0.00321700000000000
0.00533400000000000;-0.00345300000000000;-0.000395000000000000
0.00276800000000000;-0.00203400000000000;-0.00246900000000000
0.000695000000000000;0.00334500000000000;-0.00178300000000000
0.00250300000000000;-0.00171400000000000;-0.00114400000000000
-9.60000000000000e-05;0.00288900000000000;-0.00163900000000000
0.000618000000000000;-0.00284900000000000;0.000812000000000000
0.00189000000000000;-8.00000000000000e-06;-0.000606000000000000
-0.000677000000000000;0.00109000000000000;-0.000176000000000000
0.00266800000000000;-0.00410500000000000;-0.00259800000000000
-0.000816000000000000;-0.00180200000000000;-0.00121100000000000
0.00455200000000000;-0.00419600000000000;-0.00241700000000000
-0.00175100000000000;-0.00145900000000000;0.00311800000000000
0.000621000000000000;-0.00127300000000000;-0.00210800000000000
0.00140100000000000;-0.00312600000000000;0.00165000000000000
0.00522100000000000;-0.00186900000000000;-0.00158300000000000
-0.00109000000000000;-0.000606000000000000;-0.000150000000000000
0.00114100000000000;0.00116700000000000;-0.00186700000000000
0.000296000000000000;-0.00256200000000000;0.00159200000000000
0.00536400000000000;-0.00130400000000000;-0.00205300000000000
0.000333000000000000;0.00151000000000000;-6.20000000000000e-05
0.00514400000000000;-0.00106500000000000;-0.00235500000000000
0.000821000000000000;-0.00294800000000000;0.000287000000000000
-0.00191200000000000;0.00485300000000000;-0.000242000000000000
0.00429800000000000;-0.00382800000000000;-0.000569000000000000
0.00129900000000000;-0.00242900000000000;0.00135100000000000
-0.000310000000000000;-0.000678000000000000;-0.00241000000000000
0.00251100000000000;-0.00352900000000000;-0.00116600000000000
0.00231700000000000;0.000102000000000000;-0.00274500000000000
0.00320100000000000;-0.00106800000000000;-0.00251100000000000
0.000607000000000000;-0.00145700000000000;-0.00420600000000000
0.00311800000000000;-0.00505300000000000;-0.00194400000000000
0.000805000000000000;0.00176000000000000;-0.00282800000000000
0.00256800000000000;-0.00357200000000000;-0.00431300000000000
0.00294300000000000;-0.00643700000000000;0.000115000000000000
-8.10000000000000e-05;-0.00137200000000000;-0.00299700000000000
0.00180800000000000;-0.000101000000000000;8.70000000000000e-05
0.00147600000000000;-0.00923800000000000;0.00149500000000000
0.00406400000000000;-0.00398600000000000;0.000214000000000000
0.00182400000000000;0.00302300000000000;-0.00366000000000000
-0.000889000000000000;-0.00107000000000000;-0.000816000000000000
0.00207300000000000;-0.00319600000000000;-9.70000000000000e-05
0.00207200000000000;-0.00198200000000000;0.000234000000000000
0.00219300000000000;-0.00131700000000000;-0.00130600000000000
-0.00169600000000000;-0.00343300000000000;-0.00368500000000000
0.00145500000000000;-0.00188500000000000;0.000668000000000000
-2.60000000000000e-05;0.000797000000000000;-0.00182000000000000
0.00349000000000000;-0.00297500000000000;-0.000712000000000000
-0.00189500000000000;-0.00349400000000000;-0.000760000000000000
0.000539000000000000;-0.00434900000000000;-0.00136300000000000
0.00434200000000000;-0.00708400000000000;-0.00474200000000000
-0.00112800000000000;-0.00120300000000000;0.00551900000000000
-0.000355000000000000;0.000118000000000000;0.000292000000000000
0.00321200000000000;-0.00383900000000000;0.00198500000000000
0.00345500000000000;-0.00334600000000000;0.00173400000000000
0.00456200000000000;-0.00288800000000000;-0.00146300000000000
0.000519000000000000;0.00131000000000000;-0.00145700000000000
-0.000946000000000000;-0.00626400000000000;-0.00185200000000000
-0.00201800000000000;-0.00372100000000000;0.000660000000000000
0.00278100000000000;-0.00270500000000000;-0.00108500000000000
0.00317000000000000;-0.000924000000000000;-0.00148200000000000
0.00249900000000000;-0.00505300000000000;-0.00163100000000000
-0.00117100000000000;-0.000529000000000000;-0.00293200000000000
0.00350600000000000;1.10000000000000e-05;-0.00231700000000000
0.00407300000000000;-0.00257600000000000;-0.000370000000000000
0.00163800000000000;-0.00231100000000000;0.000543000000000000
0.00371900000000000;-0.00371000000000000;-3.40000000000000e-05
0.00235100000000000;-0.00238500000000000;-0.00201900000000000
-0.00149500000000000;0.00139800000000000;-0.000870000000000000
0.00280100000000000;-0.00284900000000000;-0.00407200000000000
0.000629000000000000;0.00128400000000000;-0.00272200000000000
0.00571200000000000;-0.00381700000000000;0.00133900000000000
0.00230800000000000;0.00270400000000000;0.00189500000000000
0.00312900000000000;-0.00315000000000000;-0.00212900000000000
0.00330800000000000;-0.00456400000000000;-6.50000000000000e-05
0.00428000000000000;-0.00388100000000000;0.000516000000000000
0.00270200000000000;-0.00204000000000000;-0.00196200000000000
0.00249700000000000;-0.000979000000000000;-0.00154900000000000
0.00257400000000000;-0.00572100000000000;-0.00233400000000000
0.00162300000000000;-0.00376000000000000;-0.000149000000000000
0.00404000000000000;-0.00484300000000000;-0.000798000000000000
0.00204500000000000;-0.00735200000000000;-0.00333900000000000
0.00236100000000000;-0.00316600000000000;-0.00443200000000000
0.00342300000000000;0.000797000000000000;-0.00128000000000000
0.00107800000000000;0.000368000000000000;-0.00259500000000000
0.00133400000000000;-0.00315200000000000;0.00251200000000000
0.000691000000000000;0.000789000000000000;0.000116000000000000
-0.000276000000000000;-0.00129100000000000;-0.00322600000000000
0.00269100000000000;-0.00168900000000000;-1.00000000000000e-05
-0.000293000000000000;0.000597000000000000;-0.000990000000000000
0.00302300000000000;0.000943000000000000;-0.00197900000000000
0.00485700000000000;-0.00306000000000000;-0.000847000000000000
0.00253300000000000;-0.00308200000000000;-0.00181400000000000
-0.00120300000000000;-0.000340000000000000;-0.00308900000000000
-0.00199500000000000;0.000246000000000000;-0.00264600000000000
0.000155000000000000;3.00000000000000e-05;-0.00425100000000000
0.00242300000000000;-0.00427100000000000;-0.00119300000000000
-0.000201000000000000;-0.00256400000000000;-0.00182300000000000
-0.000774000000000000;-0.00368200000000000;0.00102000000000000
0.00197400000000000;-0.000120000000000000;-3.90000000000000e-05
0.000398000000000000;0.000188000000000000;-0.00363200000000000
0.00133900000000000;-0.00338000000000000;-0.00223500000000000
-0.00202400000000000;-0.00535700000000000;-0.00105200000000000
0.000972000000000000;0.00180400000000000;-0.00309200000000000
0.00283000000000000;0.00168100000000000;-0.00320600000000000
0.00182400000000000;-0.000754000000000000;-0.000359000000000000
0.00108200000000000;-0.000470000000000000;-0.000754000000000000
-0.000143000000000000;0.00109000000000000;-0.00202600000000000
-0.00198100000000000;0.00349600000000000;-0.00325000000000000
0.00105200000000000;-0.00492900000000000;-0.000559000000000000
0.00126500000000000;0.000343000000000000;-0.000719000000000000
0.00246600000000000;-0.00321200000000000;-0.00187500000000000
0.000131000000000000;-0.00175800000000000;-0.000969000000000000
0.00276600000000000;-0.00142700000000000;-0.00390000000000000
-0.000535000000000000;-0.000788000000000000;-0.00135400000000000
0.00239400000000000;-0.000956000000000000;-0.000616000000000000
0.00372500000000000;-0.00353200000000000;-0.00180000000000000
-0.00176400000000000;0.00231500000000000;-0.000202000000000000
0.00337000000000000;-0.00665500000000000;1.40000000000000e-05
-0.00427900000000000;-0.000973000000000000;-0.000307000000000000
0.00148000000000000;-0.00182300000000000;-0.000652000000000000
0.00195500000000000;-0.000802000000000000;-0.00269300000000000
0.00257400000000000;-0.00380400000000000;0.000259000000000000
0.00220300000000000;-0.00485900000000000;0.00197400000000000
0.00548200000000000;0.00117000000000000;-0.00622000000000000
0.00246700000000000;-0.00307600000000000;-0.000854000000000000
0.00206900000000000;-0.00403500000000000;-0.000359000000000000
0.00227200000000000;-0.000367000000000000;-0.00185100000000000
0.000166000000000000;-0.00221300000000000;0.00112800000000000
0.00145000000000000;-0.00337300000000000;-0.00188200000000000
0.00108200000000000;-0.00113100000000000;-0.00371100000000000
0.00262400000000000;0.000893000000000000;-0.00165800000000000
-0.00212100000000000;0.00176800000000000;-0.000577000000000000
0.00231900000000000;-0.00441900000000000;0.00268100000000000
-0.00236700000000000;-0.000386000000000000;-0.00141300000000000
0.00109600000000000;0.00138100000000000;-0.000217000000000000
0.00457800000000000;3.10000000000000e-05;-0.00243200000000000
0.000428000000000000;-0.000860000000000000;-0.00348000000000000
0.00243200000000000;-0.00316200000000000;-0.00161000000000000
0.00665500000000000;-0.00489800000000000;0.000273000000000000
-0.000932000000000000;-0.000568000000000000;-0.00233500000000000
0.00320600000000000;-0.00609900000000000;0.000230000000000000
0.00331000000000000;-0.00181800000000000;-0.000191000000000000
0.00312800000000000;-0.00638400000000000;-0.00232800000000000
0.00150600000000000;0.000320000000000000;-0.000916000000000000
0.000296000000000000;0.000805000000000000;-0.00262600000000000
0.00500000000000000;-0.000408000000000000;0.00156200000000000
0.00306900000000000;-0.00237100000000000;-0.000472000000000000
-0.0110460000000000;0.00169800000000000;-0.00270200000000000
0.00116000000000000;-0.00440900000000000;0.000609000000000000
0.00205300000000000;-0.00316900000000000;-0.00118300000000000
8.40000000000000e-05;-0.00183400000000000;0.000930000000000000
0.00239300000000000;0.00174600000000000;0.00431000000000000
0.00171400000000000;-0.00130200000000000;-0.00196100000000000
-0.00157900000000000;-0.00215900000000000;-0.00208300000000000
-0.00114800000000000;0.00256900000000000;-0.000519000000000000
0.00504200000000000;-0.00254200000000000;-0.00128900000000000
0.000743000000000000;0.00263000000000000;-0.00243600000000000
3.40000000000000e-05;-0.00310500000000000;0.000358000000000000
0.00390500000000000;-0.00146700000000000;-0.000400000000000000
0.00215500000000000;-0.00157500000000000;-0.000351000000000000
0.00217800000000000;-0.00293500000000000;-0.00351700000000000
0.000366000000000000;-0.00439100000000000;-8.90000000000000e-05
0.00135900000000000;-0.00255800000000000;-0.00327900000000000
0.00116000000000000;0.000686000000000000;-0.000579000000000000
-0.000360000000000000;0.000301000000000000;-0.000339000000000000
0.000197000000000000;0.00100700000000000;-0.00174600000000000
-0.000145000000000000;-5.90000000000000e-05;-0.00123900000000000
0.00111100000000000;0.00611400000000000;-0.00149200000000000
-0.00274700000000000;-0.00224300000000000;-0.000815000000000000
0.00231600000000000;-0.00125800000000000;-0.00236400000000000
0.00377400000000000;-0.00149200000000000;-0.00429400000000000
-0.000137000000000000;-0.000620000000000000;-0.000697000000000000
0.00468000000000000;-0.000899000000000000;-0.00361400000000000
0.000736000000000000;0.00119200000000000;-6.30000000000000e-05
4.00000000000000e-05;-0.00455600000000000;-0.00320100000000000
0.00296100000000000;-6.30000000000000e-05;0.00115100000000000
0.00168300000000000;0.00250800000000000;-0.00324700000000000
0.00567300000000000;-0.00414900000000000;-0.00139900000000000
0.000933000000000000;0.00282300000000000;-0.000334000000000000
-0.000690000000000000;0.000921000000000000;-0.000232000000000000
0.00482900000000000;-0.00356700000000000;-0.00108600000000000
0.00122600000000000;-0.00322100000000000;-0.00110700000000000
0.00383800000000000;-0.000472000000000000;0.000708000000000000
0.00417400000000000;-0.00431700000000000;-0.00256200000000000
0.000324000000000000;-0.000151000000000000;0.000240000000000000
0.00274400000000000;-0.00650300000000000;0.000836000000000000
0.000476000000000000;-4.20000000000000e-05;-0.00390400000000000
0.00178900000000000;-0.00429600000000000;-0.00270800000000000
-0.000143000000000000;-0.000235000000000000;-0.00237200000000000
-0.000293000000000000;0.00106300000000000;-0.00313700000000000
-0.00473000000000000;-0.00241800000000000;-0.00112200000000000
0.00230800000000000;-0.00489100000000000;-0.00253700000000000
0.00427100000000000;-0.000655000000000000;-0.000423000000000000
0.000762000000000000;-0.00214000000000000;-0.00490300000000000
0.00383500000000000;-0.00344200000000000;0.00283400000000000
-0.000986000000000000;0.000675000000000000;-0.00368500000000000
-0.00257200000000000;0.000873000000000000;-0.00150300000000000
8.00000000000000e-06;0.000871000000000000;-0.000673000000000000
0.00186500000000000;0.000757000000000000;-0.00244100000000000
-0.000171000000000000;0.000752000000000000;-0.00293600000000000
0.00155500000000000;-0.000761000000000000;-0.00170400000000000
0.00220200000000000;-0.00140900000000000;-0.000102000000000000
0.00410500000000000;-0.00339400000000000;-0.00205200000000000
0.000586000000000000;-0.00148100000000000;-0.00199200000000000
0.000945000000000000;0.00327200000000000;-0.00149500000000000
0.00117400000000000;0.00340600000000000;-0.00400400000000000
0.00321500000000000;0.000282000000000000;-0.00200100000000000
-0.000660000000000000;0.00239000000000000;0.00197300000000000
0.00100800000000000;0.00144800000000000;-0.00345500000000000
-0.00190000000000000;0.00134000000000000;-0.00311900000000000
0.00251300000000000;-0.000383000000000000;-0.00305600000000000
0.00148800000000000;-0.00573300000000000;-0.00172900000000000
-0.00230500000000000;-0.000414000000000000;-0.00218600000000000
-0.00108500000000000;-0.000369000000000000;-0.00124300000000000
-0.000429000000000000;-0.000140000000000000;-0.00269900000000000
0.00105200000000000;-0.00385400000000000;-0.000475000000000000
0.00550200000000000;-0.00130400000000000;-0.000612000000000000
0.00124100000000000;-0.00570800000000000;-0.00277500000000000
-0.000722000000000000;0.000344000000000000;-0.00260600000000000
0.00219400000000000;-0.00151500000000000;0.00228800000000000
0.00132000000000000;1.70000000000000e-05;0.000128000000000000
0.00524700000000000;-0.00207300000000000;-0.000747000000000000
0.00199300000000000;-0.00364600000000000;-0.000161000000000000
0.00646700000000000;-0.00327800000000000;0.00419900000000000
0.00307200000000000;-0.00273500000000000;-0.00325800000000000
0.00217000000000000;0.00141600000000000;0.000984000000000000
0.00262500000000000;-0.00146700000000000;0.00125300000000000
-0.00119400000000000;0.00542400000000000;-0.00235900000000000
-0.00205400000000000;-0.000464000000000000;-0.00388200000000000
0.000303000000000000;-0.000460000000000000;-0.00156700000000000
0.00177500000000000;-0.00298700000000000;-0.00196900000000000
-2.70000000000000e-05;-0.00594900000000000;-0.00178300000000000
0.00153000000000000;-0.00510700000000000;-2.90000000000000e-05
0.00291800000000000;-0.00155200000000000;-0.00230800000000000
0.000638000000000000;0.00353700000000000;-0.00121100000000000
0.00369000000000000;-0.00237100000000000;-0.00370300000000000
-0.00193800000000000;0.000284000000000000;5.80000000000000e-05
-0.00127700000000000;0.00331500000000000;-0.00548700000000000
0.000631000000000000;-0.000660000000000000;-4.00000000000000e-06
0.00313800000000000;-0.00141500000000000;-0.00249200000000000
0.00133600000000000;-0.00177300000000000;-0.000164000000000000
0.00167400000000000;-0.00965200000000000;0.00132000000000000
0.00243200000000000;-0.00401300000000000;-0.00405800000000000
-0.000116000000000000;-0.00283600000000000;-0.00336900000000000
0.00327300000000000;-0.00291400000000000;0.000908000000000000
0.00278000000000000;-0.00730200000000000;0.000661000000000000
0.00188600000000000;-0.000968000000000000;-0.00119400000000000
0.000166000000000000;-0.000558000000000000;-0.00290500000000000
-0.00214500000000000;-0.00267900000000000;-0.00439100000000000
0.00224600000000000;0.000135000000000000;-0.00208300000000000
0.00528700000000000;-0.00372400000000000;0.00117700000000000
0.00350200000000000;-0.00251300000000000;-0.00604600000000000
0.00163600000000000;-0.000503000000000000;-0.00141200000000000
0.00425900000000000;-0.00147000000000000;-0.00146900000000000
0.00327200000000000;0.00117300000000000;-0.00336100000000000
0.00216400000000000;-0.00357900000000000;0.000711000000000000
0.00377200000000000;0.000503000000000000;-0.00389300000000000
0.000679000000000000;-0.00178400000000000;-0.00227900000000000
-0.00146200000000000;-0.000918000000000000;0.00183300000000000
-0.00512900000000000;0.00143600000000000;-0.00237600000000000
-0.000295000000000000;-0.00447100000000000;-0.000856000000000000
0.00187600000000000;-0.00158200000000000;9.20000000000000e-05
0.00151100000000000;-0.00170600000000000;-0.00260600000000000
0.000202000000000000;-0.00200300000000000;-0.00129900000000000
0.000207000000000000;-0.00367400000000000;-0.00559900000000000
-0.00332800000000000;-0.000251000000000000;-0.00177000000000000
-0.000126000000000000;-0.00331000000000000;-0.00137400000000000
0.00178800000000000;-0.00458100000000000;-0.00139200000000000
0.00486100000000000;-0.00143600000000000;-0.00172000000000000
0.00273000000000000;-0.00350400000000000;0.00335500000000000
0.00220600000000000;-0.000223000000000000;-0.000584000000000000
0.000331000000000000;0.00299400000000000;-0.00230500000000000
0.000614000000000000;-0.00340200000000000;-0.00481000000000000
0.00157700000000000;-0.00250400000000000;-0.00217700000000000
-9.50000000000000e-05;-0.00256800000000000;-0.000910000000000000
0.00392700000000000;-0.00133000000000000;0.000643000000000000
-0.00187900000000000;-0.000832000000000000;-0.00715600000000000
0.00204400000000000;-0.00208000000000000;-0.000895000000000000
-0.000588000000000000;-0.00155900000000000;-0.000506000000000000
0.000224000000000000;0.000848000000000000;-0.00365400000000000
0.00433000000000000;-0.00602900000000000;-0.00203700000000000
0.00354800000000000;-0.00474700000000000;0.00181500000000000
0.000971000000000000;-0.00212800000000000;-0.00164000000000000
0.00180700000000000;-0.000643000000000000;-0.000203000000000000
-0.000875000000000000;9.40000000000000e-05;-0.000600000000000000
0.000485000000000000;-0.00149300000000000;0.000876000000000000
-0.00186700000000000;0.00123900000000000;-0.00249200000000000
0.00495700000000000;-0.000415000000000000;0.00206200000000000
0.00108200000000000;0.00147400000000000;-0.000344000000000000
0.00165500000000000;-0.00340500000000000;-0.000245000000000000
0.00189500000000000;-0.00426700000000000;-0.00196300000000000
0.000982000000000000;-0.00245800000000000;0.00101900000000000
0.00628300000000000;-0.00246200000000000;0.00316000000000000
0.00178800000000000;-0.00171100000000000;-0.00292100000000000
0.00315400000000000;0.000213000000000000;-0.00202700000000000
0.00200300000000000;0.00141200000000000;-0.00304300000000000
-0.000835000000000000;0.00200900000000000;-0.000857000000000000
0.00242500000000000;-0.000726000000000000;-0.00291500000000000
-0.00140900000000000;-0.00554900000000000;0.00168000000000000
0.00210500000000000;-0.00307200000000000;-0.00225500000000000
0.00108300000000000;-0.00214200000000000;-0.00544500000000000
-0.000397000000000000;-0.000128000000000000;-0.00282600000000000
0.00253200000000000;0.000108000000000000;-0.00196300000000000
0.00526900000000000;-0.00144700000000000;-0.00408400000000000
0.00274200000000000;0.00122900000000000;-0.000806000000000000
0.00643200000000000;0.00213200000000000;-0.000879000000000000
0.00569700000000000;-0.00470400000000000;0.00142700000000000
-0.00286600000000000;-0.000429000000000000;-0.000437000000000000
5.00000000000000e-06;0.000573000000000000;-0.00147700000000000
0.00300100000000000;-0.00186200000000000;-0.00188900000000000
0.00298000000000000;-0.00246900000000000;-0.00121000000000000
8.80000000000000e-05;-0.00149300000000000;-0.00301400000000000
0.0103940000000000;-0.00699100000000000;0.000586000000000000
0.00599800000000000;-0.00448700000000000;-0.00316100000000000
8.10000000000000e-05;0.000663000000000000;-0.00108300000000000
0.00145600000000000;-0.000280000000000000;-0.00240500000000000
0.00127500000000000;-0.00213300000000000;0.00225700000000000
0.00272500000000000;0.00299000000000000;-0.000462000000000000
0.00340700000000000;-0.00345900000000000;-0.00218500000000000
-0.00180500000000000;0.00132600000000000;-0.00321800000000000
0.00168800000000000;-2.90000000000000e-05;-0.00249500000000000
0.00292200000000000;-0.00292800000000000;-0.00235000000000000
0.00344200000000000;-0.00607300000000000;0.00260300000000000
0.00552400000000000;0.000107000000000000;-0.00254900000000000
0.00286800000000000;-0.00630900000000000;-0.00155800000000000
0.00315200000000000;-0.00301200000000000;0.000740000000000000
0.000161000000000000;-0.00601500000000000;-0.00126200000000000
0.00322100000000000;0.00154300000000000;-0.00221600000000000
-0.00210800000000000;-0.00267800000000000;0.00430500000000000
0.00329600000000000;-0.00564500000000000;0.00279800000000000
0.00250700000000000;-0.00442600000000000;-0.00241200000000000
-0.000258000000000000;0.000114000000000000;-0.00170400000000000
0.00326500000000000;0.000743000000000000;-0.00302800000000000
0.000500000000000000;-0.00331900000000000;-0.00326300000000000
0.00273700000000000;-0.00273500000000000;2.10000000000000e-05
0.00683300000000000;-0.00429100000000000;-0.00572300000000000
0.00399600000000000;-0.00538900000000000;-0.00294400000000000
0.00287800000000000;-0.00172300000000000;-0.00312400000000000
0.00324600000000000;-0.00201300000000000;-0.00510500000000000
0.00194900000000000;-0.00293800000000000;-0.00544200000000000
0.00369800000000000;-0.00508200000000000;-0.000224000000000000
0.00388800000000000;0.00196200000000000;-0.00168400000000000
0.00383600000000000;-0.00354500000000000;-0.00372100000000000
0.00179600000000000;0.000347000000000000;-0.00220900000000000
0.00441800000000000;-0.000120000000000000;-0.000479000000000000
0.000996000000000000;-0.00479500000000000;0.00107700000000000
0.00688600000000000;-0.00404200000000000;-0.00304300000000000
0.00193500000000000;-0.00315300000000000;-0.00251000000000000
-0.00228600000000000;0.00355000000000000;-0.000933000000000000
-0.00126600000000000;-0.00297100000000000;-0.00251100000000000
0.00312700000000000;-0.00150500000000000;8.30000000000000e-05
0.00237800000000000;-0.000532000000000000;-0.00357600000000000
0.00449200000000000;-0.00619300000000000;-0.00258700000000000
0.000813000000000000;0.00143300000000000;-0.00182500000000000
0.000992000000000000;-0.00651500000000000;-0.00250200000000000
0.00126800000000000;-0.00277600000000000;-0.000143000000000000
-0.000183000000000000;-0.00265000000000000;-0.000309000000000000
-0.00208000000000000;0.00226900000000000;-0.00308500000000000
0.00147400000000000;-0.000857000000000000;-0.000413000000000000
-0.00167900000000000;-0.00221700000000000;-0.00256800000000000
0.00285000000000000;0.000880000000000000;-0.00330200000000000
0.00113500000000000;-0.00206600000000000;-0.00158700000000000
0.00191000000000000;-0.00306800000000000;-0.000284000000000000
0.00230900000000000;-0.00261200000000000;-0.000939000000000000
0.00323700000000000;0.000605000000000000;-0.000356000000000000
0.00228800000000000;-0.00478300000000000;-0.000252000000000000
0.000438000000000000;-0.000789000000000000;-0.00401900000000000
0.00103900000000000;-0.00199900000000000;-0.00110300000000000
0.000427000000000000;0.00108500000000000;-0.00286700000000000
0.00229900000000000;0.00139600000000000;-0.00178100000000000
0.00158300000000000;-0.00141000000000000;-0.00320700000000000
0.00133400000000000;-0.00223400000000000;-0.00429600000000000
0.00318000000000000;-0.00192700000000000;-0.00100900000000000
-0.00270000000000000;0.000823000000000000;-0.00247300000000000
0.00324000000000000;-0.00531600000000000;-0.00221500000000000
0.00384000000000000;-0.00381400000000000;-0.00321200000000000
0.000174000000000000;-0.0102180000000000;0.00170700000000000
0.000682000000000000;-0.00176700000000000;0.00210400000000000
0.00156200000000000;-0.00369300000000000;-0.00298300000000000
0.00145900000000000;0.000275000000000000;0.000579000000000000
0.00538300000000000;-0.00225800000000000;0.000297000000000000
0.00433600000000000;-0.00584300000000000;0.000842000000000000
0.00474200000000000;-0.00232800000000000;-0.00152600000000000
0.000429000000000000;-0.00309900000000000;-0.00425900000000000
0.00139900000000000;0.000598000000000000;0.00109000000000000
0.00391400000000000;-0.000699000000000000;0.000487000000000000
0.00417900000000000;-0.00261200000000000;-0.000674000000000000
0.00350600000000000;-0.00395900000000000;-0.00118200000000000
-0.00124000000000000;0.00104100000000000;0.000322000000000000
0.000566000000000000;-0.00280300000000000;-0.00209100000000000
-0.00172000000000000;-0.000798000000000000;-0.00120500000000000
0.00374400000000000;-0.00441600000000000;-0.00292100000000000
0.00163700000000000;-0.00429800000000000;-0.00160900000000000
0.00202500000000000;-0.00439400000000000;-0.000955000000000000
0.00300100000000000;-0.00787200000000000;-0.000931000000000000
0.00195300000000000;-0.00378800000000000;-6.00000000000000e-06
0.00249900000000000;-0.000475000000000000;-0.00388400000000000
0.00127800000000000;-0.00452100000000000;-0.00355400000000000
0.00255600000000000;-0.00293200000000000;-0.00455900000000000
0.00716600000000000;-0.00596000000000000;-0.000364000000000000
0.00331800000000000;-0.00477800000000000;-8.10000000000000e-05
-0.000398000000000000;-0.00260700000000000;-0.00371700000000000
5.70000000000000e-05;-0.00273500000000000;-0.00407600000000000
0.00499900000000000;-0.00130900000000000;0.00444600000000000
0.000688000000000000;-0.00493400000000000;0.00179900000000000
-0.00209500000000000;9.10000000000000e-05;0.00215500000000000
0.00226400000000000;0.000973000000000000;8.50000000000000e-05
-0.00266500000000000;-0.00102500000000000;-0.00125300000000000
0.00234200000000000;-0.000161000000000000;-0.00139500000000000
-0.000413000000000000;0.00138500000000000;-0.00255100000000000
0.00408600000000000;-0.00489100000000000;-0.000610000000000000
0.00202700000000000;0.00279900000000000;0.000781000000000000
0.00355200000000000;-0.00427900000000000;-0.00315000000000000
0.000875000000000000;0.000377000000000000;-0.000104000000000000
0.00462400000000000;-0.00378200000000000;-0.000171000000000000
0.00199500000000000;-0.00102200000000000;-0.000722000000000000
0.00364300000000000;-0.00298800000000000;-0.000435000000000000
0.00174000000000000;0.000690000000000000;-0.00178500000000000
0.000879000000000000;0.000970000000000000;-0.00135700000000000
-0.00161200000000000;0.00486700000000000;-0.000950000000000000
0.00200000000000000;0.00168000000000000;-0.00123900000000000
0.00463700000000000;-0.00638300000000000;-0.000339000000000000
0.00428700000000000;-0.00337300000000000;-0.00139400000000000
0.00258000000000000;-0.00422400000000000;0.000319000000000000
0.00272000000000000;-3.80000000000000e-05;-0.00417100000000000
0.00278800000000000;-0.00159400000000000;0.000544000000000000
0.00148500000000000;-0.00122900000000000;-0.00177600000000000
0.00235200000000000;-0.00362200000000000;-0.00211300000000000
0.00638500000000000;-0.00111800000000000;-0.00118600000000000
0.00281400000000000;-0.00348200000000000;-0.000661000000000000
0.00286800000000000;-0.00209700000000000;-0.000451000000000000
0.00128600000000000;0.000491000000000000;-0.00192500000000000
0.00450700000000000;0.00246900000000000;-0.000943000000000000
-0.000583000000000000;0.00174900000000000;-0.00222600000000000
-0.00127800000000000;3.40000000000000e-05;-0.00446500000000000
0.00432400000000000;-0.00374100000000000;0.000458000000000000
0.00511800000000000;-0.00184600000000000;-0.00152900000000000
-0.000583000000000000;-0.00385300000000000;-0.000844000000000000
0.00103000000000000;-0.000164000000000000;-0.00155700000000000
0.00204300000000000;-0.00400900000000000;-0.00208200000000000
0.00604400000000000;-0.00247000000000000;-0.00340600000000000
0.00340600000000000;-0.000489000000000000;-0.00186400000000000
0.000934000000000000;-0.000505000000000000;-0.00434100000000000
0.00415500000000000;-0.00168700000000000;-0.00393600000000000
0.000845000000000000;0.00367900000000000;-0.00215300000000000
-0.000353000000000000;-0.00337200000000000;-0.00338800000000000
0.00147500000000000;-0.00268000000000000;-0.00166700000000000
0.000701000000000000;-0.00108200000000000;-0.00156700000000000
0.000664000000000000;0.00115900000000000;1.20000000000000e-05
0.00462900000000000;-0.00217800000000000;-0.000688000000000000
0.00313700000000000;-0.00567700000000000;-0.000784000000000000
0.00253100000000000;-0.000894000000000000;-0.00104000000000000
0.00126900000000000;-0.00160100000000000;-0.00282900000000000
0.000941000000000000;-0.00726900000000000;0.000293000000000000
0.00451300000000000;-0.00551300000000000;-0.00205900000000000
0.00572500000000000;-0.00912800000000000;0.000510000000000000
0.00372800000000000;-0.00104400000000000;-0.00116900000000000
0.00375400000000000;-0.00762900000000000;0.00102000000000000
0.000503000000000000;-0.00191900000000000;0.000817000000000000
-0.000314000000000000;-0.00381800000000000;-0.00140900000000000
0.00138400000000000;-0.00268900000000000;-0.000655000000000000
0.00371700000000000;-0.00249800000000000;-0.00257600000000000
-0.00149300000000000;-0.00521400000000000;0.000698000000000000
-0.00104800000000000;0.00107800000000000;-0.00259700000000000
-0.000197000000000000;0.000880000000000000;-0.00194600000000000
-0.000645000000000000;-0.000871000000000000;-0.00173300000000000
-0.00175800000000000;-0.00315000000000000;-0.00232800000000000
0.00666800000000000;-0.00449300000000000;0.000814000000000000
0.000388000000000000;-0.00409700000000000;-0.00243300000000000
0.00284300000000000;-0.00459300000000000;-0.000695000000000000
0.00271000000000000;-0.00456500000000000;-0.000636000000000000
0.00153600000000000;0.00268500000000000;-0.00221300000000000
-0.00259000000000000;-0.000327000000000000;-0.00237200000000000
0.00417100000000000;-0.00188800000000000;-0.00367800000000000
0.00223000000000000;-0.00221000000000000;-0.00394100000000000
0.00254400000000000;-0.00408500000000000;-0.00208200000000000
0.00110400000000000;-0.00161500000000000;-0.00321200000000000
-0.00422000000000000;-0.00125600000000000;-0.00659300000000000
0.000223000000000000;0.000526000000000000;-0.00319600000000000
-0.00323800000000000;0.00222500000000000;-0.00328600000000000
0.00113600000000000;-0.00192100000000000;0.00209000000000000
0.00470300000000000;-0.00266100000000000;-0.00163400000000000
0.00233400000000000;-0.00222400000000000;-0.000373000000000000
-0.000902000000000000;-0.000867000000000000;-0.00254800000000000
-0.00333300000000000;-0.000157000000000000;-0.00247500000000000
0.00148400000000000;-0.00426600000000000;-0.00188800000000000
0.00105600000000000;-0.00444000000000000;-0.00243000000000000
-0.00167300000000000;-0.00154500000000000;-0.00320500000000000
0.000554000000000000;-0.00425100000000000;0.00154700000000000
0.00291400000000000;-0.00398800000000000;-0.000655000000000000
0.00126400000000000;-0.00414400000000000;-0.00216100000000000
0.00371800000000000;0.00181600000000000;-0.000717000000000000
0.00428600000000000;-0.00442500000000000;0.00138200000000000
-0.00336000000000000;0.00200100000000000;-0.00338100000000000
0.00191500000000000;-0.00122300000000000;0.00334600000000000
0.00248400000000000;-0.00377000000000000;-0.00119500000000000
-2.40000000000000e-05;-0.00137800000000000;-0.000183000000000000
0.00263400000000000;-0.00571400000000000;-0.000394000000000000
0.00209600000000000;0.00416700000000000;-0.00267000000000000
0.00302000000000000;-0.00487000000000000;-0.00136700000000000
-0.000597000000000000;0.00324200000000000;-0.00270600000000000
0.00223500000000000;-0.00215600000000000;-0.00321000000000000
-7.50000000000000e-05;-0.00287400000000000;-0.00305900000000000
0.000956000000000000;-0.00308200000000000;8.00000000000000e-06
0.00205500000000000;-0.00363600000000000;-0.00107900000000000
0.00523400000000000;-0.00142500000000000;-0.00401500000000000
0.000625000000000000;-0.00439200000000000;-0.00130700000000000
0.000797000000000000;-0.00409800000000000;0.000309000000000000
0.00323700000000000;-0.00235500000000000;-0.00413700000000000
0.00142000000000000;-0.000520000000000000;-0.000689000000000000
-0.00174800000000000;0.000137000000000000;-0.00353700000000000
-0.000854000000000000;-0.00153900000000000;-0.00221000000000000
0.00130000000000000;-0.00386000000000000;0.000485000000000000
0.00347300000000000;-0.00346300000000000;0.000806000000000000
0.00202000000000000;-0.00371100000000000;-0.00449700000000000
0.00166000000000000;0.00194200000000000;0.000320000000000000
7.20000000000000e-05;-0.00333400000000000;0.000429000000000000
0.00328500000000000;-0.00224800000000000;-0.00203200000000000
0.00391500000000000;-0.00570100000000000;-0.000132000000000000
0.000861000000000000;-0.00262400000000000;-0.00233600000000000
0.00247700000000000;-0.00412100000000000;-0.00187000000000000
0.00431400000000000;-0.000593000000000000;-0.00161600000000000
0.00337900000000000;-0.00460600000000000;-0.000245000000000000
0.000285000000000000;-0.00429300000000000;-0.00234400000000000
0.00464100000000000;-0.00433300000000000;-0.00226900000000000
0.00157600000000000;-0.00250400000000000;-0.00262600000000000
-0.00497000000000000;0.000654000000000000;-0.000880000000000000
-0.000803000000000000;0.00244500000000000;-0.00394100000000000
0.00554700000000000;0.00117500000000000;-0.00547300000000000
-0.000860000000000000;-0.000591000000000000;-0.00158900000000000
0.00331100000000000;-0.00457700000000000;-0.000320000000000000