-0.370299805331309;-0.784898463938896;885.900000000000;0;0;0
-0.370299805331309;-0.784898463938896;885.900000000000;0;0;0.0100000000000000
-0.370299805331309;-0.784898463938896;885.900000000000;0;0;0
-0.370299802364250;-0.784898466905956;885.900000000000;0;0;0
-0.370299802364250;-0.784898466905956;885.900000000000;0;0;0.0100000000000000
-0.370299805331309;-0.784898466905956;885.900000000000;0;0;0.0100000000000000
-0.370299802364250;-0.784898466905956;885.900000000000;0;0;0
-0.370299802364250;-0.784898466905956;885.900000000000;0;0;0.0100000000000000
-0.370299802364250;-0.784898466905956;885.900000000000;0;0;0.0100000000000000
-0.370299802364250;-0.784898466905956;885.900000000000;0;0;0
-0.370299802364250;-0.784898466905956;885.900000000000;0;0;0
-0.370299802364250;-0.784898463938896;885.900000000000;0;0;0.0100000000000000
-0.370299802364250;-0.784898463938896;885.900000000000;0;0;0
-0.370299802364250;-0.784898466905956;885.900000000000;0;0.0100000000000000;0.0100000000000000
-0.370299805331309;-0.784898463938896;885.900000000000;0;0;0.0100000000000000
-0.370299802364250;-0.784898463938896;885.900000000000;0;0;0.0100000000000000
-0.370299805331309;-0.784898463938896;885.900000000000;0;0;0
-0.370299802364250;-0.784898466905956;885.900000000000;0;0;0
-0.370299802364250;-0.784898466905956;885.900000000000;0;0;0
-0.370299802364250;-0.784898466905956;885.900000000000;0.0100000000000000;0;0
-0.370299802364250;-0.784898466905956;885.900000000000;0;0;0.0100000000000000
-0.370299805331309;-0.784898466905956;885.900000000000;-0.0100000000000000;0.0100000000000000;0.0100000000000000
-0.370299802364250;-0.784898463938896;885.900000000000;0;0.0100000000000000;0.0100000000000000
-0.370299805331309;-0.784898466905956;885.900000000000;0;0;0
-0.370299802364250;-0.784898466905956;885.900000000000;0;0;0
-0.370299802364250;-0.784898466905956;885.900000000000;-0.0100000000000000;0;0.0100000000000000
-0.370299802364250;-0.784898466905956;885.900000000000;0;0;0.0100000000000000
-0.370299802364250;-0.784898463938896;885.900000000000;0;0;0
-0.370299802364250;-0.784898463938896;885.900000000000;0;0;0
-0.370299802364250;-0.784898466905956;885.900000000000;0;0;0.0100000000000000
-0.370299802364250;-0.784898466905956;885.900000000000;0;0;-0.0100000000000000
-0.370299802364250;-0.784898466905956;885.900000000000;0;0;0
-0.370299802364250;-0.784898466905956;885.900000000000;0;0;0.0100000000000000
-0.370299802364250;-0.784898466905956;885.900000000000;-0.0100000000000000;-0.0300000000000000;0.0100000000000000
-0.370299790845076;-0.784898382606553;885.900000000000;0.270000000000000;1.43000000000000;-0.0400000000000000
-0.370299656978323;-0.784897983973352;886;1.47000000000000;3.30000000000000;-0.150000000000000
-0.370299334092411;-0.784897329474883;886.100000000000;2.59000000000000;4.42000000000000;-0.270000000000000
-0.370298824979868;-0.784896520863840;886.600000000000;3.80000000000000;5.26000000000000;-0.790000000000000
-0.370298167688872;-0.784895584145631;887.500000000000;4.58000000000000;5.97000000000000;-1.05000000000000
-0.370297396776941;-0.784894531188493;888.700000000000;5.08000000000000;6.67000000000000;-1.38000000000000
-0.370296588165899;-0.784893353091248;890.200000000000;5.22000000000000;7.31000000000000;-1.67000000000000
-0.370295785314443;-0.784892140087418;891.900000000000;4.65000000000000;6.72000000000000;-1.58000000000000
-0.370295075489036;-0.784891043497049;893.400000000000;4.65000000000000;6.67000000000000;-1.56000000000000
-0.370294342450751;-0.784889943939620;895;4.58000000000000;6.51000000000000;-1.55000000000000
-0.370293618139111;-0.784888847174718;896.500000000000;4.59000000000000;6.52000000000000;-1.53000000000000
-0.370292893827471;-0.784887753551409;898.100000000000;4.52000000000000;6.57000000000000;-1.55000000000000
-0.370292169515832;-0.784886659753566;899.600000000000;4.67000000000000;6.38000000000000;-1.50000000000000
-0.370291366664376;-0.784885647462600;901.100000000000;5.82000000000000;5.27000000000000;-1.45000000000000
-0.370290333953057;-0.784884946363840;902.500000000000;7.20000000000000;3.03000000000000;-1.32000000000000
-0.370289144336639;-0.784884646865340;903.900000000000;7.94000000000000;0.430000000000000;-1.32000000000000
-0.370287893459164;-0.784884702017744;905.200000000000;8.04000000000000;-0.820000000000000;-1.47000000000000
-0.370286613609224;-0.784884841644085;906.600000000000;8.23000000000000;-0.750000000000000;-1.39000000000000
-0.370285301645225;-0.784884920183901;908;8.43000000000000;-0.140000000000000;-1.45000000000000
-0.370283954774641;-0.784884882484789;909.400000000000;8.58000000000000;0.660000000000000;-1.48000000000000
-0.370282602144471;-0.784884693291098;910.900000000000;8.58000000000000;1.66000000000000;-1.57000000000000
-0.370281252481361;-0.784884347192307;912.500000000000;8.56000000000000;2.41000000000000;-1.56000000000000
-0.370279899851190;-0.784883899166288;914;8.68000000000000;2.79000000000000;-1.53000000000000
-0.370278529767727;-0.784883410474098;915.600000000000;8.77000000000000;3;-1.62000000000000
-0.370277142230972;-0.784882898569028;917.200000000000;8.91000000000000;3.12000000000000;-1.63000000000000
-0.370275734273865;-0.784882374970253;918.900000000000;8.96000000000000;3.13000000000000;-1.75000000000000
-0.370274320557170;-0.784881854338537;920.700000000000;8.99000000000000;2.98000000000000;-1.82000000000000
-0.370272915567123;-0.784881327772702;922.500000000000;8.86000000000000;3.20000000000000;-1.80000000000000
-0.370271507784548;-0.784880786720633;924.200000000000;8.99000000000000;3.29000000000000;-1.58000000000000
-0.370270064920855;-0.784880245668565;925.700000000000;9.26000000000000;3.35000000000000;-1.44000000000000
-0.370268587150578;-0.784879690130264;927.300000000000;9.49000000000000;3.40000000000000;-1.69000000000000
-0.370267080407834;-0.784879114171611;928.900000000000;9.63000000000000;3.49000000000000;-1.68000000000000
-0.370265547485152;-0.784878529486312;930.700000000000;9.84000000000000;3.46000000000000;-1.75000000000000
-0.370263991175058;-0.784877944801012;932.500000000000;9.89000000000000;3.49000000000000;-1.80000000000000
-0.370262455285317;-0.784877360115713;934.200000000000;9.50000000000000;3.41000000000000;-1.71000000000000
-0.370261021148270;-0.784876798643293;935.900000000000;8.71000000000000;3.27000000000000;-1.51000000000000
-0.370259694698039;-0.784876289530750;937.300000000000;8.33000000000000;2.92000000000000;-1.40000000000000
-0.370258371214867;-0.784875818291852;938.800000000000;8.59000000000000;2.73000000000000;-1.40000000000000
-0.370257004098464;-0.784875315113428;940.100000000000;8.81000000000000;3.13000000000000;-1.30000000000000
-0.370255587414710;-0.784874777028420;941.400000000000;9.13000000000000;3.31000000000000;-1.32000000000000
-0.370254118371079;-0.784874203862294;942.800000000000;9.48000000000000;3.50000000000000;-1.40000000000000
-0.370252599934629;-0.784873575543763;944.100000000000;9.79000000000000;3.84000000000000;-1.30000000000000
-0.370251069979007;-0.784872924012353;945.400000000000;9.58000000000000;3.87000000000000;-1.24000000000000
-0.370249630082374;-0.784872298660882;946.600000000000;8.54000000000000;3.49000000000000;-1.11000000000000
-0.370248419871071;-0.784871772095047;947.600000000000;6.73000000000000;2.73000000000000;-0.840000000000000
-0.370247494846567;-0.784871437515429;948.300000000000;5.25000000000000;1.22000000000000;-0.610000000000000
-0.370246712415464;-0.784871356183086;948.800000000000;4.85000000000000;-0.380000000000000;-0.270000000000000
-0.370245950230179;-0.784871606288768;948.900000000000;4.70000000000000;-2.52000000000000;0.0600000000000000
-0.370245284212537;-0.784872249093531;948.600000000000;3.48000000000000;-5.21000000000000;0.510000000000000
-0.370244833219458;-0.784873296291083;948;2.68000000000000;-6.99000000000000;0.730000000000000
-0.370244429001203;-0.784874550135617;947.200000000000;2.48000000000000;-7.70000000000000;0.800000000000000
-0.370244039094648;-0.784875844471791;946.400000000000;2.40000000000000;-7.57000000000000;0.880000000000000
-0.370243684269211;-0.784877107042971;945.500000000000;2;-7.37000000000000;0.940000000000000
-0.370243405016531;-0.784878287932743;944.600000000000;1.54000000000000;-6.61000000000000;0.800000000000000
-0.370243183883315;-0.784879297431183;943.800000000000;1.33000000000000;-5.35000000000000;0.670000000000000
-0.370242965717158;-0.784880053682348;943.200000000000;1.56000000000000;-3.68000000000000;0.420000000000000
-0.370242692398598;-0.784880574314063;942.900000000000;2.02000000000000;-2.69000000000000;0.280000000000000
-0.370242317152808;-0.784881007853850;942.700000000000;2.94000000000000;-2.31000000000000;0.130000000000000
-0.370241746953742;-0.784881339466408;942.500000000000;4.32000000000000;-1.28000000000000;0.0300000000000000
-0.370240990702577;-0.784881409279578;942.600000000000;5.21000000000000;0.610000000000000;-0.150000000000000
-0.370240129557124;-0.784881158999363;942.800000000000;5.77000000000000;2.15000000000000;-0.240000000000000
-0.370239143446097;-0.784880746054462;943.100000000000;6.79000000000000;2.60000000000000;-0.280000000000000
-0.370237985769204;-0.784880341661674;943.400000000000;7.78000000000000;2.30000000000000;-0.320000000000000
-0.370236705919263;-0.784879951929652;943.700000000000;8.25000000000000;2.62000000000000;-0.380000000000000
-0.370235460801375;-0.784879474756635;944.100000000000;7.47000000000000;2.88000000000000;-0.390000000000000
-0.370234367178065;-0.784879003517737;944.500000000000;6.26000000000000;2.66000000000000;-0.330000000000000
-0.370233511966732;-0.784878613785715;944.800000000000;4.52000000000000;1.86000000000000;-0.280000000000000
-0.370232906861080;-0.784878363680033;945;3.43000000000000;1.09000000000000;-0.250000000000000
-0.370232383262305;-0.784878253026158;945.200000000000;3.36000000000000;0.130000000000000;-0.0500000000000000
-0.370231801544065;-0.784878340292621;945.200000000000;4;-1.50000000000000;0.280000000000000
-0.370231147045596;-0.784878765105761;944.700000000000;3.93000000000000;-3.64000000000000;0.770000000000000
-0.370230573879469;-0.784879556263511;943.800000000000;3.19000000000000;-5.71000000000000;1.06000000000000
-0.370230108574691;-0.784880650061353;942.800000000000;2.89000000000000;-7.13000000000000;1
-0.370229613948381;-0.784881921184647;941.600000000000;3.37000000000000;-7.89000000000000;1.22000000000000
-0.370229061377139;-0.784883276781877;940.300000000000;3.58000000000000;-8.22000000000000;1.32000000000000
-0.370228502871779;-0.784884661351573;938.900000000000;3.48000000000000;-8.08000000000000;1.36000000000000
-0.370227990792176;-0.784885941201513;937.700000000000;3.01000000000000;-6.98000000000000;1.13000000000000
-0.370227580639802;-0.784887000092771;936.700000000000;2.04000000000000;-5.63000000000000;0.840000000000000
-0.370227362473646;-0.784887858271164;936;0.550000000000000;-4.79000000000000;0.620000000000000
-0.370227438220935;-0.784888693062145;935.300000000000;-1.65000000000000;-5.11000000000000;0.570000000000000
-0.370227906492773;-0.784889490154014;934.800000000000;-4.19000000000000;-4.03000000000000;0.300000000000000
-0.370228686131350;-0.784890045692315;934.600000000000;-5.42000000000000;-2.76000000000000;0.160000000000000
-0.370229567522622;-0.784890461604276;934.400000000000;-5.87000000000000;-2.29000000000000;0.210000000000000
-0.370230547699530;-0.784890860237477;934.200000000000;-6.71000000000000;-2.51000000000000;0.220000000000000
-0.370231676403958;-0.784891308088963;934;-7.76000000000000;-2.87000000000000;0.200000000000000
-0.370232967947604;-0.784891834654799;933.700000000000;-8.77000000000000;-3.31000000000000;0.290000000000000
-0.370234434024176;-0.784892413580511;933.400000000000;-9.95000000000000;-3.40000000000000;0.320000000000000
-0.370236065907026;-0.784893012752044;933;-10.4900000000000;-3.70000000000000;0.460000000000000
-0.370237726936876;-0.784893658523867;932.500000000000;-10.6100000000000;-3.96000000000000;0.540000000000000
-0.370239413972131;-0.784894353688508;931.900000000000;-10.8000000000000;-4.13000000000000;0.610000000000000
-0.370241127361857;-0.784895040301036;931.200000000000;-10.8300000000000;-4.03000000000000;0.790000000000000
-0.370242802877939;-0.784895688865386;930.400000000000;-10.4000000000000;-3.53000000000000;0.770000000000000
-0.370244385367972;-0.784896264824039;929.700000000000;-9.63000000000000;-3.36000000000000;0.730000000000000
-0.370245883384069;-0.784896837990165;929;-9.35000000000000;-3.38000000000000;0.680000000000000
-0.370247317521115;-0.784897396495526;928.300000000000;-8.87000000000000;-3.19000000000000;0.650000000000000
-0.370248667184226;-0.784897920094302;927.700000000000;-8.11000000000000;-3.04000000000000;0.680000000000000
-0.370249845281471;-0.784898391333199;927;-6.76000000000000;-2.60000000000000;0.610000000000000
-0.370250784792207;-0.784898784032281;926.500000000000;-4.98000000000000;-2;0.500000000000000
-0.370251410318211;-0.784899048624196;926.100000000000;-2.93000000000000;-1.17000000000000;0.290000000000000
-0.370251823263112;-0.784899231883767;925.800000000000;-2.58000000000000;-1.17000000000000;0.270000000000000
-0.370252248076252;-0.784899496650215;925.500000000000;-2.57000000000000;-2.22000000000000;0.320000000000000
-0.370252602901689;-0.784899997036111;925.100000000000;-1.33000000000000;-3.81000000000000;0.470000000000000
-0.370252623322041;-0.784900738801043;924.600000000000;1.20000000000000;-4.84000000000000;0.610000000000000
-0.370252320681949;-0.784901602739023;924;2.45000000000000;-5.44000000000000;0.720000000000000
-0.370251875622990;-0.784902571396758;923.200000000000;3.12000000000000;-6.12000000000000;0.770000000000000
-0.370251346264628;-0.784903650533835;922.400000000000;3.58000000000000;-6.68000000000000;0.850000000000000
-0.370250752852682;-0.784904828631080;921.600000000000;3.92000000000000;-7.30000000000000;0.870000000000000
-0.370250110047918;-0.784906105688493;920.600000000000;4.27000000000000;-7.80000000000000;0.940000000000000
-0.370249391495865;-0.784907446624958;919.600000000000;4.80000000000000;-8.10000000000000;0.980000000000000
-0.370248591611469;-0.784908831194653;918.700000000000;5.26000000000000;-8.31000000000000;0.920000000000000
-0.370247733433076;-0.784910242118820;917.800000000000;5.70000000000000;-8.41000000000000;1.01000000000000
-0.370246814168159;-0.784911661595101;916.800000000000;6.14000000000000;-8.51000000000000;1.20000000000000
-0.370245813570899;-0.784913101491734;915.500000000000;6.53000000000000;-8.62000000000000;1.32000000000000
-0.370244786793700;-0.784914538421307;914.200000000000;6.45000000000000;-8.42000000000000;1.28000000000000
-0.370243783229380;-0.784915902745184;913;6.21000000000000;-7.72000000000000;1.08000000000000
-0.370242846511170;-0.784917089569075;912;5.53000000000000;-6.29000000000000;0.770000000000000
-0.370242069839653;-0.784917976719934;911.400000000000;4.38000000000000;-4.57000000000000;0.450000000000000
-0.370241348495073;-0.784918730178572;911.100000000000;4.86000000000000;-4.13000000000000;0.170000000000000
-0.370240502010386;-0.784919250810288;911.100000000000;5.81000000000000;-1.81000000000000;-0.0200000000000000
-0.370239469299068;-0.784919341043810;911.200000000000;7.12000000000000;0.740000000000000;-0.100000000000000
-0.370238253328178;-0.784919119910594;911.300000000000;8.27000000000000;1.89000000000000;-0.230000000000000
-0.370236862998896;-0.784918686545340;911.500000000000;9.38000000000000;3.19000000000000;-0.220000000000000
-0.370235283475923;-0.784918093133395;911.700000000000;10.6400000000000;3.77000000000000;-0.210000000000000
-0.370233523485905;-0.784917424148693;912;11.7200000000000;4.19000000000000;-0.210000000000000
-0.370231676403958;-0.784916714323286;912.300000000000;11.4900000000000;4.36000000000000;-0.250000000000000
-0.370229867021122;-0.784915987044586;912.500000000000;11.5800000000000;4.38000000000000;-0.300000000000000
-0.370228011212528;-0.784915242487127;912.800000000000;11.9200000000000;4.46000000000000;-0.370000000000000
-0.370226100076998;-0.784914520968015;913.200000000000;12.2400000000000;4.21000000000000;-0.360000000000000
-0.370224162761528;-0.784913811317141;913.600000000000;12.2000000000000;4.20000000000000;-0.380000000000000
-0.370222283565522;-0.784913115977967;913.900000000000;11.5800000000000;4.03000000000000;-0.270000000000000
-0.370220552897036;-0.784912464446557;914.200000000000;10.1700000000000;3.66000000000000;-0.190000000000000
-0.370219083853405;-0.784911905941196;914.500000000000;8.20000000000000;3.07000000000000;-0.290000000000000
-0.370217955148977;-0.784911367856188;914.800000000000;6.17000000000000;3.53000000000000;-0.300000000000000
-0.370217172717874;-0.784910663790368;915.300000000000;3.46000000000000;4.71000000000000;-0.620000000000000
-0.370216806198731;-0.784909846452679;915.900000000000;1.10000000000000;5.23000000000000;-0.810000000000000
-0.370216838138256;-0.784908962094347;916.700000000000;-1.41000000000000;5.19000000000000;-0.750000000000000
-0.370217193138226;-0.784908141789599;917.400000000000;-2.92000000000000;4.73000000000000;-0.770000000000000
-0.370217693349589;-0.784907368085141;918.200000000000;-3.33000000000000;4.60000000000000;-0.820000000000000
-0.370218234401658;-0.784906582686978;919;-3.39000000000000;4.80000000000000;-0.860000000000000
-0.370218766727079;-0.784905744928937;919.900000000000;-3.31000000000000;5.14000000000000;-0.900000000000000
-0.370219287533328;-0.784904851843959;920.800000000000;-3.28000000000000;5.46000000000000;-0.920000000000000
-0.370219805197984;-0.784903906573636;921.700000000000;-3.29000000000000;5.77000000000000;-0.910000000000000
-0.370220331763820;-0.784902908768902;922.700000000000;-3.37000000000000;6.08000000000000;-0.940000000000000
-0.370220867056301;-0.784901855811765;923.600000000000;-3.38000000000000;6.48000000000000;-0.930000000000000
-0.370221390655077;-0.784900724140278;924.500000000000;-3.25000000000000;7.02000000000000;-0.930000000000000
-0.370221908319733;-0.784899505376861;925.500000000000;-3.43000000000000;7.49000000000000;-1.02000000000000
-0.370222478518800;-0.784898216800274;926.600000000000;-3.78000000000000;7.92000000000000;-1.14000000000000
-0.370223127257683;-0.784896878656337;927.700000000000;-4.52000000000000;8.03000000000000;-1.23000000000000
-0.370223863088495;-0.784895505605814;929;-4.79000000000000;8.34000000000000;-1.34000000000000
-0.370224619514193;-0.784894071643301;930.400000000000;-4.72000000000000;8.80000000000000;-1.36000000000000
-0.370225375765358;-0.784892561933498;931.800000000000;-4.94000000000000;9.14000000000000;-1.44000000000000
-0.370226155403935;-0.784890982410525;933.200000000000;-4.76000000000000;9.70000000000000;-1.45000000000000
-0.370226908688040;-0.784889312654029;934.700000000000;-4.90000000000000;10.0900000000000;-1.50000000000000
-0.370227691293677;-0.784887581811010;936.200000000000;-4.97000000000000;10.4200000000000;-1.63000000000000
-0.370228473724780;-0.784885792848527;937.900000000000;-4.93000000000000;10.7700000000000;-1.81000000000000
-0.370229262090003;-0.784883960252812;939.700000000000;-4.96000000000000;11.0800000000000;-1.80000000000000
-0.370230032827401;-0.784882069537634;941.600000000000;-4.86000000000000;11.4300000000000;-1.86000000000000
-0.370230786286039;-0.784880117735931;943.400000000000;-4.66000000000000;11.8200000000000;-1.90000000000000
-0.370231533810558;-0.784878101880645;945.300000000000;-4.83000000000000;12.2200000000000;-1.72000000000000
-0.370232272782963;-0.784876013245129;947.100000000000;-4.57000000000000;12.6200000000000;-1.92000000000000
-0.370232979641310;-0.784873991630257;949;-4.33000000000000;11.3100000000000;-1.59000000000000
-0.370233645658953;-0.784872159034542;950.500000000000;-4.11000000000000;10.4800000000000;-1.52000000000000
-0.370234268217897;-0.784870431158583;951.900000000000;-3.65000000000000;10.1700000000000;-1.45000000000000
-0.370234788849613;-0.784868810794905;953.300000000000;-2.98000000000000;8.71000000000000;-1.14000000000000
-0.370235158335815;-0.784867516458732;954.300000000000;-1.29000000000000;6.90000000000000;-0.840000000000000
-0.370235152576229;-0.784866454600415;955;1.52000000000000;5.78000000000000;-0.610000000000000
-0.370234690063977;-0.784865584902848;955.400000000000;4.41000000000000;4.40000000000000;-0.290000000000000
-0.370233808672705;-0.784865023430428;955.500000000000;6.46000000000000;2.44000000000000;-0.140000000000000
-0.370232723601509;-0.784864642425052;955.700000000000;7.22000000000000;2.22000000000000;-0.280000000000000
-0.370231542537204;-0.784864270146323;956;7.72000000000000;2.31000000000000;-0.380000000000000
-0.370230303353435;-0.784863871513122;956.400000000000;7.72000000000000;2.41000000000000;-0.390000000000000
-0.370229180583127;-0.784863414934990;956.800000000000;6.33000000000000;3.33000000000000;-0.320000000000000
-0.370228331131380;-0.784862745775754;957;4.35000000000000;4.59000000000000;-0.230000000000000
-0.370227734926908;-0.784861975038357;957.300000000000;3.61000000000000;4.24000000000000;-0.180000000000000
-0.370227097881731;-0.784861361206059;957.400000000000;4.72000000000000;2.73000000000000;-0.130000000000000
-0.370226286303629;-0.784861102373731;957.500000000000;5.42000000000000;0.150000000000000;-0.0700000000000000
-0.370225463031821;-0.784861308846181;957.500000000000;4.67000000000000;-2.71000000000000;-0.0300000000000000
-0.370224898766873;-0.784861945891358;957.500000000000;2.35000000000000;-4.57000000000000;0.150000000000000
-0.370224761933060;-0.784862789408986;957.400000000000;-0.700000000000000;-5.24000000000000;0.100000000000000
-0.370225128452203;-0.784863589467915;957.200000000000;-3.95000000000000;-3.96000000000000;0.110000000000000
-0.370225913850366;-0.784864014106522;957.100000000000;-5.75000000000000;-1.07000000000000;0.0400000000000000
-0.370226856328162;-0.784863999620289;957.100000000000;-6.15000000000000;0.770000000000000;0.0700000000000000
-0.370227842439190;-0.784863886173888;957;-6.48000000000000;0.350000000000000;0.240000000000000
-0.370228907090034;-0.784863935566705;956.700000000000;-7.02000000000000;-1;0.290000000000000
-0.370230044521107;-0.784864206092739;956.400000000000;-7.39000000000000;-2.08000000000000;0.420000000000000
-0.370231210924646;-0.784864595824761;956;-7.15000000000000;-2.36000000000000;0.360000000000000
-0.370232246603024;-0.784864942098085;955.700000000000;-5.80000000000000;-1.74000000000000;0.220000000000000
-0.370233020307482;-0.784865186444180;955.500000000000;-4.36000000000000;-1.30000000000000;0.140000000000000
-0.370233686499657;-0.784865454003155;955.400000000000;-4.01000000000000;-2.09000000000000;0.150000000000000
-0.370234273977483;-0.784865928209112;955.100000000000;-3.32000000000000;-3.80000000000000;0.350000000000000
-0.370234655157392;-0.784866754273447;954.700000000000;-0.950000000000000;-6;0.670000000000000
-0.370234550437637;-0.784867877043755;953.900000000000;1.94000000000000;-7.21000000000000;0.880000000000000
-0.370234175191848;-0.784869191974814;952.900000000000;2.82000000000000;-8.49000000000000;1.13000000000000
-0.370233692259244;-0.784870701684617;951.600000000000;3.26000000000000;-9.43000000000000;1.37000000000000
-0.370233156966762;-0.784872289934236;950.300000000000;3.41000000000000;-9.26000000000000;1.33000000000000
-0.370232627608400;-0.784873808370685;949;3.19000000000000;-8.60000000000000;1.27000000000000
-0.370232159336562;-0.784875161000855;947.800000000000;2.59000000000000;-7.44000000000000;1.12000000000000
-0.370231821789884;-0.784876309951102;946.800000000000;1.49000000000000;-6.22000000000000;0.910000000000000
-0.370231708343483;-0.784877281575897;946;-0.210000000000000;-5.31000000000000;0.690000000000000
-0.370231897537174;-0.784878122126464;945.400000000000;-2.39000000000000;-4.59000000000000;0.560000000000000
-0.370232438589242;-0.784878785351580;944.800000000000;-4.50000000000000;-3.11000000000000;0.390000000000000
-0.370233282106870;-0.784879154837783;944.600000000000;-6;-1.61000000000000;0.200000000000000
-0.370234297364895;-0.784879451543756;944.400000000000;-6.95000000000000;-2.10000000000000;0.290000000000000
-0.370235460801375;-0.784879858729070;944;-7.88000000000000;-2.73000000000000;0.350000000000000
-0.370236746585435;-0.784880329967968;943.700000000000;-8.41000000000000;-2.66000000000000;0.330000000000000
-0.370238070068607;-0.784880757573635;943.300000000000;-8.17000000000000;-2.45000000000000;0.300000000000000
-0.370239300525729;-0.784881161966422;943;-7.50000000000000;-2.35000000000000;0.310000000000000
-0.370240469896328;-0.784881583812503;942.700000000000;-7.31000000000000;-2.79000000000000;0.330000000000000
-0.370241619021107;-0.784882101477159;942.400000000000;-7.35000000000000;-3.34000000000000;0.320000000000000
-0.370242805844999;-0.784882683369932;941.900000000000;-7.76000000000000;-3.45000000000000;0.510000000000000
-0.370244065274587;-0.784883241875292;941.300000000000;-8.20000000000000;-3.23000000000000;0.650000000000000
-0.370245388932292;-0.784883774200714;940.600000000000;-8.58000000000000;-3.11000000000000;0.800000000000000
-0.370246761808281;-0.784884297799490;939.700000000000;-8.75000000000000;-3.21000000000000;0.930000000000000
-0.370248143585450;-0.784884850370731;938.800000000000;-8.88000000000000;-3.28000000000000;0.940000000000000
-0.370249551542558;-0.784885414810211;937.700000000000;-9;-3.37000000000000;1.10000000000000
-0.370250953565546;-0.784885976108098;936.600000000000;-8.75000000000000;-3.28000000000000;1.19000000000000
-0.370252288742424;-0.784886499706874;935.400000000000;-8.14000000000000;-2.92000000000000;1.14000000000000
-0.370253466839669;-0.784886956459539;934.400000000000;-6.77000000000000;-2.47000000000000;0.870000000000000
-0.370254403557878;-0.784887334672388;933.500000000000;-4.94000000000000;-1.97000000000000;0.730000000000000
-0.370255023149763;-0.784887584778070;933;-2.91000000000000;-1.03000000000000;0.440000000000000
-0.370255424575491;-0.784887730163997;932.600000000000;-2.62000000000000;-0.680000000000000;0.290000000000000
-0.370255889880269;-0.784887802944226;932.300000000000;-3.31000000000000;0.130000000000000;0.120000000000000
-0.370256436866457;-0.784887660350827;932.300000000000;-3.44000000000000;1.86000000000000;-0.140000000000000
-0.370256916832001;-0.784887200805634;932.500000000000;-2.41000000000000;3.74000000000000;-0.270000000000000
-0.370257216330501;-0.784886459040702;932.800000000000;-1.60000000000000;4.91000000000000;-0.340000000000000
-0.370257422977484;-0.784885571889844;933.200000000000;-1.13000000000000;5.62000000000000;-0.510000000000000
-0.370257582849644;-0.784884556631818;933.700000000000;-0.930000000000000;6.34000000000000;-0.580000000000000
-0.370257722475984;-0.784883422167804;934.300000000000;-0.790000000000000;7.07000000000000;-0.650000000000000
-0.370257833129859;-0.784882168497802;935;-0.680000000000000;7.84000000000000;-0.740000000000000
-0.370257923188848;-0.784880792480220;935.800000000000;-0.560000000000000;8.53000000000000;-0.960000000000000
-0.370257984275372;-0.784879297431183;936.800000000000;-0.160000000000000;9.21000000000000;-1.05000000000000
-0.370257949368787;-0.784877694520798;937.900000000000;0.590000000000000;9.81000000000000;-1.19000000000000
-0.370257769076275;-0.784876016212189;939.100000000000;1.81000000000000;10.1800000000000;-1.35000000000000
-0.370257402557132;-0.784874308582049;940.500000000000;2.59000000000000;10.2500000000000;-1.83000000000000
-0.370256951738586;-0.784872580706089;942.300000000000;3.08000000000000;10.3500000000000;-1.72000000000000
-0.370256477532628;-0.784870820890604;944;2.99000000000000;10.6300000000000;-1.65000000000000
-0.370255988840438;-0.784869020234415;945.700000000000;3.18000000000000;10.8200000000000;-1.75000000000000
-0.370255453547956;-0.784867190605760;947.400000000000;3.50000000000000;10.9900000000000;-1.76000000000000
-0.370254883523423;-0.784865323103461;949.200000000000;3.77000000000000;11.2200000000000;-1.73000000000000
-0.370254257997419;-0.784863443907455;950.800000000000;3.99000000000000;10.9900000000000;-1.56000000000000
-0.370253629678888;-0.784861646218325;952.300000000000;3.98000000000000;10.2200000000000;-1.37000000000000
-0.370253021780710;-0.784860040515414;953.600000000000;3.73000000000000;9.04000000000000;-1.23000000000000
-0.370252413882531;-0.784858562919669;954.700000000000;3.96000000000000;8.61000000000000;-1.17000000000000
-0.370251794290647;-0.784857163689208;955.900000000000;3.80000000000000;7.94000000000000;-1.09000000000000
-0.370251218331993;-0.784855901292560;956.900000000000;3.60000000000000;7.08000000000000;-0.980000000000000
-0.370250706252391;-0.784854778347719;957.800000000000;2.62000000000000;6.31000000000000;-0.860000000000000
-0.370250424207184;-0.784853754537580;958.500000000000;0.650000000000000;6.04000000000000;-0.640000000000000
-0.370250525959879;-0.784852771219079;959;-2;5.63000000000000;-0.190000000000000
-0.370251043799068;-0.784851884068220;958.900000000000;-4.77000000000000;4.74000000000000;0.440000000000000
-0.370252000763097;-0.784851215083518;958.100000000000;-7.15000000000000;3.49000000000000;0.930000000000000
-0.370253222493574;-0.784850604218280;957.100000000000;-8.18000000000000;3.83000000000000;1.18000000000000
-0.370254557670451;-0.784849903119519;955.800000000000;-8.68000000000000;4.53000000000000;1.33000000000000
-0.370255950966793;-0.784849091541417;954.400000000000;-8.94000000000000;5.11000000000000;1.32000000000000
-0.370257361890961;-0.784848204390558;953.100000000000;-8.95000000000000;5.33000000000000;1.33000000000000
-0.370258793060947;-0.784847299611874;951.900000000000;-9.25000000000000;5.51000000000000;1.25000000000000
-0.370260276590811;-0.784846377554430;950.500000000000;-9.53000000000000;5.60000000000000;1.57000000000000
-0.370261768847322;-0.784845438043694;948.800000000000;-9.45000000000000;5.68000000000000;1.84000000000000
-0.370263261103832;-0.784844486839252;946.900000000000;-9.40000000000000;5.65000000000000;1.95000000000000
-0.370264701000465;-0.784843564607275;945;-8.84000000000000;5.26000000000000;1.82000000000000
-0.370266024483637;-0.784842735575880;943.400000000000;-7.95000000000000;4.59000000000000;1.52000000000000
-0.370267199613822;-0.784842054897472;942;-6.89000000000000;3.43000000000000;1.16000000000000
-0.370268209112262;-0.784841638985511;941.100000000000;-6.06000000000000;1.48000000000000;0.830000000000000
-0.370269119475999;-0.784841595352280;940.400000000000;-5.68000000000000;-1.05000000000000;0.430000000000000
-0.370269945714867;-0.784842008471714;940;-4.59000000000000;-4.10000000000000;0.300000000000000
-0.370270533192694;-0.784842921802511;939.600000000000;-3.18000000000000;-6.47000000000000;0.410000000000000
-0.370271056791469;-0.784844117353049;939.300000000000;-3.57000000000000;-7.74000000000000;0.350000000000000
-0.370271664864181;-0.784845507856864;938.900000000000;-4.20000000000000;-8.91000000000000;0.490000000000000
-0.370272371722528;-0.784847098899010;938.400000000000;-4.71000000000000;-10.0100000000000;0.520000000000000
-0.370273125006633;-0.784848850162382;937.800000000000;-4.76000000000000;-10.8400000000000;0.750000000000000
-0.370273863979038;-0.784850711730562;936.900000000000;-4.58000000000000;-11.2400000000000;0.960000000000000
-0.370274585323618;-0.784852625833153;935.900000000000;-4.61000000000000;-11.5300000000000;1.07000000000000
-0.370275300908611;-0.784854598055207;934.700000000000;-4.50000000000000;-11.8800000000000;1.24000000000000
-0.370276028187311;-0.784856608150907;933.400000000000;-4.58000000000000;-12.0900000000000;1.43000000000000
-0.370276755291477;-0.784858661705305;931.900000000000;-4.65000000000000;-12.3000000000000;1.58000000000000
-0.370277485537236;-0.784860718401295;930.300000000000;-4.64000000000000;-12.1200000000000;1.64000000000000
-0.370278215608462;-0.784862760436520;928.600000000000;-4.57000000000000;-12.1500000000000;1.69000000000000
-0.370278934160515;-0.784864802471745;926.900000000000;-4.54000000000000;-12.0200000000000;1.72000000000000
-0.370279672958388;-0.784866797906679;925.100000000000;-4.83000000000000;-11.6900000000000;1.76000000000000
-0.370280452596964;-0.784868767161674;923.300000000000;-5.02000000000000;-11.6900000000000;1.90000000000000
-0.370281269934653;-0.784870721930436;921.300000000000;-5.40000000000000;-11.4600000000000;2.02000000000000
-0.370282098966048;-0.784872595366855;919.300000000000;-5.11000000000000;-10.7200000000000;2.02000000000000
-0.370282942483675;-0.784874360941926;917.300000000000;-5.55000000000000;-10.3900000000000;2.13000000000000
-0.370283818115361;-0.784876129658590;915.100000000000;-5.64000000000000;-10.5800000000000;2.22000000000000
-0.370284716959926;-0.784877906927368;912.900000000000;-5.92000000000000;-10.2500000000000;2.22000000000000
-0.370285665197308;-0.784879559230570;910.700000000000;-6.06000000000000;-9.40000000000000;2.09000000000000
-0.370286619368810;-0.784881086393666;908.700000000000;-6.13000000000000;-8.94000000000000;1.95000000000000
-0.370287614206484;-0.784882601863056;906.700000000000;-6.25000000000000;-9.20000000000000;1.93000000000000
-0.370288623530391;-0.784884163932736;904.700000000000;-6.43000000000000;-9.42000000000000;2.03000000000000
-0.370289676662061;-0.784885775395234;902.600000000000;-6.73000000000000;-9.66000000000000;2.43000000000000
-0.370290744105432;-0.784887445151730;900;-6.85000000000000;-10.1300000000000;2.62000000000000
-0.370291840870334;-0.784889178787276;897.400000000000;-7.18000000000000;-10.2500000000000;2.47000000000000
-0.370293016000519;-0.784890868964123;895;-7.64000000000000;-9.86000000000000;2.39000000000000
-0.370294249424701;-0.784892471699975;892.700000000000;-7.66000000000000;-9.27000000000000;2.15000000000000
-0.370295372195009;-0.784893978442719;890.700000000000;-6.50000000000000;-8.51000000000000;1.84000000000000
-0.370296279766220;-0.784895278713012;889.100000000000;-4.90000000000000;-6.84000000000000;1.28000000000000
-0.370296942991336;-0.784896276517745;888.100000000000;-3.58000000000000;-5.10000000000000;0.820000000000000
-0.370297501496697;-0.784897079369201;887.300000000000;-4.01000000000000;-4.71000000000000;0.660000000000000
-0.370298225808336;-0.784897870526951;886.600000000000;-5.08000000000000;-4.63000000000000;0.580000000000000
-0.370299069325964;-0.784898655925114;886.100000000000;-5.49000000000000;-4.73000000000000;0.290000000000000
-0.370299971137588;-0.784899470470276;885.800000000000;-5.85000000000000;-5.09000000000000;0.630000000000000
-0.370300907855798;-0.784900404221426;884.900000000000;-6.03000000000000;-6.17000000000000;1.18000000000000
-0.370301847366534;-0.784901599771964;883.300000000000;-5.92000000000000;-7.96000000000000;1.89000000000000
-0.370302795603917;-0.784903054154829;881.200000000000;-6.13000000000000;-9.02000000000000;2.28000000000000
-0.370303793408650;-0.784904581317925;878.900000000000;-6.36000000000000;-9;2.22000000000000
-0.370304765033445;-0.784906032908263;876.800000000000;-5.94000000000000;-8.08000000000000;1.83000000000000
-0.370305649217244;-0.784907193552216;875.300000000000;-5.46000000000000;-5.77000000000000;1.25000000000000
-0.370306574241747;-0.784907987677026;874.300000000000;-6.17000000000000;-3.23000000000000;0.660000000000000
-0.370307566286894;-0.784908278623412;873.800000000000;-6.43000000000000;-0.0400000000000000;0.320000000000000
-0.370308531977569;-0.784908002163259;873.600000000000;-5.44000000000000;3.16000000000000;0.100000000000000
-0.370309244595503;-0.784907309965677;873.700000000000;-3.55000000000000;4.88000000000000;-0.110000000000000
-0.370309683894876;-0.784906443060638;873.800000000000;-2.39000000000000;5.41000000000000;-0.170000000000000
-0.370310076593957;-0.784905471435843;873.900000000000;-2.64000000000000;6.09000000000000;-0.180000000000000
-0.370310489713391;-0.784904395265826;874.100000000000;-2.63000000000000;6.68000000000000;-0.230000000000000
-0.370310914351998;-0.784903219961108;874.400000000000;-2.72000000000000;7.29000000000000;-0.190000000000000
-0.370311336198078;-0.784901954597400;874.700000000000;-2.81000000000000;7.84000000000000;-0.430000000000000
-0.370311795743270;-0.784900610693876;875.100000000000;-3.15000000000000;8.19000000000000;-0.490000000000000