out_longitude,out_latitude,out_altitude,out_vel_x,out_vel_y,out_vel_z
-0.37045494,-0.78504735,909.1172,0.0018564916,-0.00050850544,0.0004574522
-0.37045494,-0.78504735,909.1005,0.002359974,-0.0007076961,-0.0011416655
-0.37045494,-0.78504735,909.12,0.0024652362,-0.0006376642,-0.00092923734
-0.37045494,-0.78504735,909.141,0.0022145158,-0.00075463514,-1.724524e-06
-0.37045494,-0.78504735,909.0321,0.004008164,-0.00096382794,-0.00097041216
-0.37045494,-0.78504735,909.1084,0.0018632262,-0.00042895682,0.00024778498
-0.37045494,-0.78504735,909.0904,0.0017000829,-0.00042849523,-0.00024903726
-0.37045494,-0.78504735,909.15643,0.0011336815,-0.0005876808,0.000104537576
-0.37045494,-0.78504735,909.03973,0.0021674791,-0.0006746385,-0.0011408252
-0.37045494,-0.78504735,909.11273,0.0023511183,-0.0006490715,-0.00011155193
-0.37045494,-0.78504735,909.07434,0.002251795,-0.00057704735,-9.510606e-05
-0.37045494,-0.78504735,909.1869,0.002867036,-0.00092111103,-0.0011247154
-0.37045494,-0.78504735,909.13727,0.0024657135,-0.0008668477,-0.00051948236
-0.37045494,-0.78504735,909.18115,0.002924148,-0.0006779171,-0.0005675956
-0.37045494,-0.78504735,909.2016,0.003993316,-0.0012076192,-0.0011708121
-0.37045494,-0.78504735,909.2006,0.0031396043,-0.0010973684,-0.00027903603
-0.37045494,-0.78504735,909.15015,0.002648504,-0.000995881,0.00067056465
-0.37045494,-0.78504735,909.16565,0.003728543,-0.0009585333,-9.849124e-05
-0.37045494,-0.78504735,909.18054,0.0035712593,-0.001128797,-0.000794429
-0.37045494,-0.78504735,909.2515,0.0028995958,-0.0011022965,0.00051874615
-0.37045494,-0.78504735,909.19946,0.003523162,-0.0007757934,-0.0003674118
-0.37045494,-0.78504735,909.23706,0.003183247,-0.00062760443,0.00018701918
-0.37045494,-0.78504735,909.2195,0.0026554507,-0.00090596697,0.00043037048
-0.37045494,-0.78504735,909.22437,0.00241698,-0.0005343915,-0.0006000793
-0.37045494,-0.78504735,909.18396,0.0029436627,-0.0006176532,0.0002537031
-0.37045494,-0.78504735,909.22754,0.002918368,-0.0005735244,-0.00041134752
-0.37045494,-0.78504735,909.17444,0.00305444,-0.00071988057,-0.000819398
-0.37045494,-0.78504735,909.1976,0.003098507,-0.0008216192,2.5561249e-05
-0.37045494,-0.78504735,909.1253,0.0024914856,-0.0005822775,-0.00011400079
-0.37045494,-0.78504735,909.1758,0.002144491,-0.00035303299,0.00019447385
-0.37045494,-0.78504735,909.2098,0.0025947327,-0.0008679813,0.00040546153
-0.37045494,-0.78504735,909.12976,0.0026349816,-0.0005188402,5.3771386e-05
-0.37045494,-0.78504735,909.2224,0.0026708292,-0.00048813806,-0.0006176536
-0.37045494,-0.78504735,909.2587,0.002714896,-0.0008301992,0.00035337487
-0.37045494,-0.78504735,909.275,0.0036400377,-0.0009563612,-0.0009138718
-0.37045494,-0.78504735,909.17505,0.0029870933,-0.00074748736,-0.0005163372
-0.37045494,-0.78504735,909.17126,0.0027810761,-0.00065502117,-5.594799e-05
-0.37045494,-0.78504735,909.2067,0.0029193754,-0.0006080074,-0.00026172583
-0.37045494,-0.78504735,909.28076,0.0042654076,-0.0010341179,-0.0014485196
-0.37045494,-0.78504735,909.2955,0.003513723,-0.0009847147,-0.0002983389
-0.37045494,-0.78504735,909.22046,0.003217875,-0.0006846848,-0.00062771316
-0.37045494,-0.78504735,909.15643,0.0030717275,-0.0004117526,-0.0002926969
-0.37045494,-0.78504735,909.3043,0.003939439,-0.00096367183,5.7804828e-05
-0.37045494,-0.78504735,909.23236,0.0028766342,-0.0008744367,-0.00033888945
-0.37045494,-0.78504735,909.3343,0.0029618782,-0.0007738859,0.00080365635
-0.37045494,-0.78504735,909.18317,0.0028459835,-0.00069171033,-0.0004742501
-0.37045494,-0.78504735,909.22577,0.0027213127,-0.00066616706,0.0005384813
-0.37045494,-0.78504735,909.21,0.0033471063,-0.0008132632,-0.00038426582
-0.37045494,-0.78504735,909.1539,0.0026252244,-0.0007540582,0.0006063296
-0.37045494,-0.78504735,909.1874,0.002323331,-0.00056178455,0.00026222615
-0.37045494,-0.78504735,909.2274,0.0026745943,-0.00038203472,-0.00043434775
-0.37045494,-0.78504735,909.2131,0.0021930921,-0.00065175956,-2.087141e-05
-0.37045494,-0.78504735,909.1536,0.0025837822,-0.00060574024,6.1370105e-05
-0.37045494,-0.78504735,909.1782,0.0036248185,-0.00086427503,-0.0010613328
-0.37045494,-0.78504735,909.0718,0.0024670924,-0.00019097613,-0.0008267446
-0.37045494,-0.78504735,909.21173,0.002576703,-0.0005668925,-0.0008858058
-0.37045494,-0.78504735,909.0752,0.0020284376,-0.00057682337,-0.00035770025
-0.37045494,-0.78504735,909.1131,0.0011323293,-0.0003672267,-0.00012516484
-0.37045494,-0.78504735,909.1715,0.002685253,-0.00063170434,-0.00057046465
-0.37045494,-0.78504735,909.0743,0.0015682532,-0.00044395152,-3.3619966e-05
-0.37045494,-0.78504735,909.07245,0.0018137768,-0.00021513125,-0.0010473838
-0.37045494,-0.78504735,909.0414,0.0021823272,-0.000520897,-0.00070767384
-0.37045494,-0.78504735,909.0848,0.0026046492,-0.00047256637,-0.0006401737
-0.37045494,-0.78504735,909.1119,0.0021964065,-0.00051637273,0.0002943737
-0.37045494,-0.78504735,909.0583,0.0022367348,-0.0004896925,-4.675269e-05
-0.37045494,-0.78504735,909.16266,0.0028407336,-0.00061344466,-0.0005831532
-0.37045494,-0.78504735,909.06836,0.0023396108,-0.0006165943,0.00021730605
-0.37045494,-0.78504735,909.24133,0.0018625103,-0.00085040036,0.0002272456
-0.37045494,-0.78504735,909.17596,0.0026249061,-0.0007134591,-0.0008500569
-0.37045494,-0.78504735,909.2122,0.0017889327,-0.00072236836,0.00083558785
-0.37045494,-0.78504735,909.06854,0.0021447828,-0.00016695679,-0.0001301346
-0.37045494,-0.78504735,909.1695,0.0038785615,-0.0009874435,-0.0008359399
-0.37045494,-0.78504735,909.22424,0.0038952127,-0.0010817561,-0.00034364322
-0.37045494,-0.78504735,909.15924,0.0031192943,-0.0009836626,-0.0001281659
-0.37045494,-0.78504735,909.1636,0.0029813661,-0.0007861722,7.242607e-05
-0.37045494,-0.78504735,909.1549,0.0026158649,-0.0007684284,0.00044476363
-0.37045494,-0.78504735,909.1971,0.0028430934,-0.0007900889,0.00025639206
-0.37045494,-0.78504735,909.1768,0.0032618889,-0.000806767,-0.0006630778
-0.37045494,-0.78504735,909.20575,0.0026366257,-0.00059483194,-0.0002057257
-0.37045494,-0.78504735,909.1594,0.0027726977,-0.0009898804,-0.00063563604
-0.37045494,-0.78504735,909.13464,0.0022356743,-0.00075741485,0.00014181098
-0.37045494,-0.78504735,909.15643,0.0026991996,-0.0008478379,8.1249214e-05
-0.37045494,-0.78504735,909.11053,0.0016263197,-0.00029135717,-0.00015881288
-0.37045494,-0.78504735,909.11005,0.0021153253,-0.00048118373,6.988114e-05
-0.37045494,-0.78504735,909.1512,0.0025965888,-0.00070052117,-0.00096124085
-0.37045494,-0.78504735,909.05023,0.0022117584,-0.0005032889,-0.00044808068
-0.37045494,-0.78504735,909.2315,0.0026725526,-0.00083385117,0.00038805528
-0.37045494,-0.78504735,909.08167,0.002866877,-0.0006960513,0.00031407276
-0.37045494,-0.78504735,909.0747,0.0020327594,-0.00047200636,-0.00075997657
-0.37045494,-0.78504735,909.1076,0.0019457125,-0.00070213334,-0.00028429387
-0.37045494,-0.78504735,909.17505,0.002990222,-0.001157069,-0.000560345
-0.37045494,-0.78504735,909.26746,0.0032647524,-0.00101429,-0.0005219312
-0.37045494,-0.78504735,909.0894,0.0033312507,-0.0006915542,-0.0011415455
-0.37045494,-0.78504735,909.1954,0.0035903498,-0.0011631103,-0.00047427407
-0.37045494,-0.78504735,909.20844,0.002710972,-0.0011699322,0.00014313144
-0.37045494,-0.78504735,909.16656,0.0020196347,-0.0005263206,0.00055800023
-0.37045494,-0.78504735,909.22614,0.0028914292,-0.00067620655,-0.0005999352
-0.37045494,-0.78504735,909.2678,0.0029218679,-0.0008886236,-0.0007066295
-0.37045494,-0.78504735,909.2679,0.0033665414,-0.00084683666,0.00018833965
-0.37045494,-0.78504735,909.1594,0.001994393,-0.00040886772,-0.00016943671
-0.37045494,-0.78504735,909.2656,0.0034849814,-0.0008852975,-0.0001050456
-0.37045494,-0.78504735,909.23145,0.003236541,-0.0006495229,-0.00024074226
-0.37045494,-0.78504735,909.1726,0.003504602,-0.00066381844,-0.00027533868
-0.37045494,-0.78504735,909.15186,0.0027240966,-0.00029429636,-0.000387639
-0.37045494,-0.78504735,909.1138,0.0012502125,-0.00026900426,0.00090084324
-0.37045494,-0.78504735,909.2445,0.002916724,-0.00043650848,-0.0009649141
-0.37045494,-0.78504735,909.1871,0.0023805758,-0.00043141746,-0.00045565542
-0.37045494,-0.78504735,909.1204,0.0010556761,-0.00027485212,0.0011172089
-0.37045494,-0.78504735,909.1761,0.002081148,-0.00029096345,0.00034642435
-0.37045494,-0.78504735,909.11786,0.0025919222,-0.0007715916,-0.00088290067
-0.37045494,-0.78504735,909.1347,0.0016702011,-0.00068281125,-0.00067843136
-0.37045494,-0.78504735,909.17,0.0020752884,-0.00045592556,-0.00027245763
-0.37045494,-0.78504735,909.07983,0.0012781852,-0.0002990819,0.0005096949
-0.37045494,-0.78504735,909.1873,0.001807864,-0.00037883417,-0.0005271651
-0.37045494,-0.78504735,909.14435,0.0017139367,-0.00025345973,0.0001845463
-0.37045494,-0.78504735,909.21643,0.002630872,-0.0005036351,-0.001279547
-0.37045494,-0.78504735,909.10657,0.0021322416,-0.00023772514,-0.0012944684
-0.37045494,-0.78504735,909.1586,0.0010245217,-0.00017165748,-7.1504674e-06
-0.37045494,-0.78504735,909.0089,0.0012875183,-0.00032361376,-0.0009738214
-0.37045494,-0.78504735,909.01294,5.5644432e-05,0.0001553004,0.00043582043
-0.37045494,-0.78504735,909.12665,0.00028650562,0.0001103163,8.996436e-05
-0.37045494,-0.78504735,909.10065,0.0006934889,-9.483082e-05,-0.00073489966
-0.37045494,-0.78504735,909.07654,0.0009820721,-0.00016266336,-0.0007506013
-0.37045494,-0.78504735,909.0571,0.0012671022,-0.0002043044,-0.00045367473
-0.37045494,-0.78504735,909.0689,0.0011216705,1.3678842e-05,-0.00085457054
-0.37045494,-0.78504735,909.0851,0.0017400931,0.00010223178,-0.00096481806
-0.37045494,-0.78504735,909.0754,0.0012285502,0.00018503187,-0.00094120565
-0.37045494,-0.78504735,909.1823,0.0017128629,-0.0002593076,-0.001965437
-0.37045494,-0.78504735,909.0371,0.00085799774,8.137563e-05,0.00013436828
-0.37045494,-0.78504735,909.0749,0.00083165563,0.00010551717,-0.0006511216
-0.37045494,-0.78504735,909.1318,0.001742559,-0.00014042587,-0.0004839976
-0.37045494,-0.78504735,909.0824,0.0023066003,-6.7729714e-05,-0.0014196492
-0.37045494,-0.78504735,909.1588,0.0018475562,-0.00035764882,-0.00057705503
-0.37045494,-0.78504735,909.0599,0.0017100523,-0.00015719562,-0.000607654
-0.37045494,-0.78504735,909.0988,0.0012543488,-0.00015220305,0.0007681837
-0.37045494,-0.78504735,909.21954,0.0014328174,-0.00026706967,-0.00039492562
-0.37045494,-0.78504735,909.1952,0.0020642586,-0.00042116418,-0.000579732
-0.37045494,-0.78504735,909.2541,0.0027092486,-0.00046820167,-0.001226656
-0.37045494,-0.78504735,909.0814,0.0019268343,-0.00016019931,-0.00011614958
-0.37045494,-0.78504735,909.2008,0.0015878472,-0.00024241564,-0.0008011154
-0.37045494,-0.78504735,909.1904,0.002018468,-0.0003564779,-0.0004686681
-0.37045494,-0.78504735,909.1291,0.0019074258,-0.00020942594,-0.00035624774
-0.37045494,-0.78504735,909.22766,0.00224864,-0.0004820017,-0.0008050167
-0.37045494,-0.78504735,909.2085,0.002913065,-0.00039357095,-0.0011995983
-0.37045494,-0.78504735,909.20325,0.0017176354,-0.00034015274,-0.00046723956
-0.37045494,-0.78504735,909.175,0.0027651675,-0.00011747222,-0.001374369
-0.37045494,-0.78504735,909.204,0.0019396142,-0.0002694794,-0.0007369403
-0.37045494,-0.78504735,909.044,0.0024550282,0.00011999938,-0.0011410293
-0.37045494,-0.78504735,909.15875,0.0011949564,0.00014344855,-2.6573462e-05
-0.37045494,-0.78504735,909.14264,0.0030816968,-0.0005560724,-0.0011530697
-0.37045494,-0.78504735,909.1909,0.0020440014,-0.00021728306,-0.0007604088
-0.37045494,-0.78504735,909.12286,0.0018706768,-0.00012544473,-9.685869e-05
-0.37045494,-0.78504735,909.2425,0.0011989336,0.00016071723,-0.0006629458
-0.37045494,-0.78504735,909.2045,0.001761782,-0.00040517503,-0.00024358727
-0.37045494,-0.78504735,909.20294,0.0018055307,-0.00026640785,-0.0009825125
-0.37045494,-0.78504735,909.23987,0.0017419757,-0.00034474142,-0.00023709299
-0.37045494,-0.78504735,909.2792,0.0029504504,-0.0008902527,-0.0009299816
-0.37045494,-0.78504735,909.2436,0.0033585075,-0.0007201521,-0.00075721566
-0.37045494,-0.78504735,909.2922,0.0030334406,-0.000534344,-0.00072571635
-0.37045494,-0.78504735,909.19934,0.0019255086,-0.0005178763,0.000417934
-0.37045494,-0.78504735,909.1919,0.0038304643,-0.0005759748,-0.0013144795
-0.37045494,-0.78504735,909.20233,0.0019034751,-0.00011752652,0.00032129936
-0.37045494,-0.78504735,909.28076,0.0019474096,-0.0003147486,-0.00032544465
-0.37045494,-0.78504735,909.1428,0.0026026075,-0.00045034243,-0.0003539309
-0.37045494,-0.78504735,909.22156,0.0015195461,-0.00018085861,-0.00040147998
-0.37045494,-0.78504735,909.20935,0.0019434324,-0.00016576209,-0.0008286893
-0.37045494,-0.78504735,909.2359,0.0016697503,-0.00050517597,-9.55133e-06
-0.37045494,-0.78504735,909.16815,0.0024384568,-0.0002692045,-0.00086521835
-0.37045494,-0.78504735,909.17975,0.002953473,-0.00071626937,-0.0009527898
-0.37045494,-0.78504735,909.24567,0.002133355,-0.00025668403,-0.0009736533
-0.37045494,-0.78504735,909.316,0.0022213433,-0.00033279115,-7.9716534e-05
-0.37045494,-0.78504735,909.2284,0.0035128214,-0.00065808935,-0.0017641368
-0.37045494,-0.78504735,909.26825,0.002483982,-0.00032583004,-0.00059522956
-0.37045494,-0.78504735,909.30414,0.003004089,-0.00081751245,-0.0013703716
-0.37045494,-0.78504735,909.177,0.0024275593,-0.00016656307,-0.0008459515
-0.37045494,-0.78504735,909.30536,0.0029698058,-0.0004918375,-0.0005040688
-0.37045494,-0.78504735,909.2202,0.0033966352,-0.00036279074,-0.00042397607
-0.37045494,-0.78504735,909.3015,0.003749728,-0.00090465345,-0.00069745816
-0.37045494,-0.78504735,909.2991,0.0034290624,-0.00050715124,2.0087284e-05
-0.37045494,-0.78504735,909.33185,0.0046000197,-0.001167794,-0.0015723321
-0.37045494,-0.78504735,909.3778,0.004371094,-0.00081802154,-0.0015299569
-0.37045494,-0.78504735,909.28345,0.0032341548,-0.00063736556,0.0002525867
-0.37045494,-0.78504735,909.3873,0.0046864566,-0.001080826,-0.0018548893
-0.37045494,-0.78504735,909.3521,0.0037282247,-0.00066061446,-9.8371216e-05
-0.37045494,-0.78504735,909.37164,0.0047372584,-0.0010838399,-0.001513679
-0.37045494,-0.78504735,909.3466,0.004657609,-0.0009881154,-0.0006046889
-0.37045494,-0.78504735,909.2379,0.004315573,-0.00077642465,-0.0017777258
-0.37045494,-0.78504735,909.37787,0.004332436,-0.0009517589,-0.00080676936
-0.37045494,-0.78504735,909.2325,0.0038665242,-0.00081379263,-0.0005592166
-0.37045494,-0.78504735,909.32074,0.004336413,-0.000874138,-0.0012142916
-0.37045494,-0.78504735,909.35333,0.0044308575,-0.00088747643,-0.0011809196
-0.37045494,-0.78504735,909.2693,0.0030498796,-0.0006979078,-0.0004166054
-0.37045494,-0.78504735,909.2057,0.0029897713,-0.00038096902,-0.00021550924
-0.37045494,-0.78504735,909.2213,0.0027536603,-0.00048079342,-0.00056418637
-0.37045494,-0.78504735,909.1529,0.0027156917,-0.00046454972,-0.0007055971
-0.37045494,-0.78504735,909.26337,0.0032774264,-0.00046000176,-0.0013512607
-0.37045494,-0.78504735,909.0767,0.0027049799,-0.00014797751,-0.0010681512
-0.37045494,-0.78504735,909.1868,0.0022854684,-0.000760147,0.00020470153
-0.37045494,-0.78504735,909.27203,0.0030688904,-0.00051269704,-0.0012168846
-0.37045494,-0.78504735,909.23975,0.0028081473,-0.00034834247,-0.00070670154
-0.37045494,-0.78504735,909.1633,0.0036142126,-0.00040957367,-0.0013192573
-0.37045494,-0.78504735,909.27606,0.0023075815,-0.00072934985,-0.0010776346
-0.37045494,-0.78504735,909.1251,0.0018595672,4.683146e-05,-0.0006900516
-0.37045494,-0.78504735,909.132,0.0017184839,-0.00019378976,-0.0003032847
-0.37045494,-0.78504735,909.1093,0.00081306905,0.00013452911,-0.0004436391
-0.37045494,-0.78504735,909.02826,0.00026577132,0.00031851121,-0.00014026623
-0.37045494,-0.78504735,909.15564,0.00225039,-0.00037951636,-0.000791608
-0.37045494,-0.78504735,909.19507,0.0017670053,-0.00011582612,-0.0016469627
-0.37045494,-0.78504735,909.1432,0.0016686368,-0.00016522923,-0.0006811563
-0.37045494,-0.78504735,909.1634,0.0014405862,-0.00033540453,-0.0008747858
-0.37045494,-0.78504735,909.167,0.0023676632,-0.0003470833,-0.0015485515
-0.37045494,-0.78504735,909.0946,0.001389864,0.00016663976,-0.0014089654
-0.37045494,-0.78504735,909.14716,0.0024266313,-0.00014948785,-0.0014584112
-0.37045494,-0.78504735,909.18933,0.0013499598,0.00021510953,-0.001527448
-0.37045494,-0.78504735,909.21704,0.0015238812,0.0003158639,-0.00018096084
-0.37045494,-0.78504735,909.26434,0.0026198155,-0.00022462767,-0.0012444945
-0.37045494,-0.78504735,909.2498,0.00071509817,0.00046214543,-0.00044954524
-0.37045494,-0.78504735,909.29584,0.0017043782,-0.0003592508,-0.00067305344
-0.37045494,-0.78504735,909.2509,0.0020430735,-0.00010975086,-0.00042257152
-0.37045494,-0.78504735,909.1775,0.0008260545,0.0005847453,-0.00061261177
-0.37045494,-0.78504735,909.228,0.0017684769,4.253696e-06,-0.00053267507
-0.37045494,-0.78504735,909.07336,0.0010527065,0.00021559486,-0.00065563514
-0.37045494,-0.78504735,909.13214,-2.6210364e-06,0.0002455232,-9.519005e-05
-0.37045494,-0.78504735,909.1459,-0.00042024985,0.0001492489,0.0006235678
-0.37045494,-0.78504735,909.1217,0.00067297334,0.0007166244,-0.0010321263
-0.37045494,-0.78504735,909.2327,0.00090032804,0.0002023888,-0.0008996347
-0.37045494,-0.78504735,909.1664,0.0015077207,0.00031187595,-0.0017317012
-0.37045494,-0.78504735,909.1624,-0.0005401481,0.00037918243,0.00049595
-0.37045494,-0.78504735,909.1878,0.0009716784,0.00011581797,-0.0006993789
-0.37045494,-0.78504735,909.07697,0.0009293746,0.00027044537,-0.0005539827
-0.37045494,-0.78504735,909.2167,0.00052319997,-8.1967555e-05,-0.00036731575
-0.37045494,-0.78504735,909.11884,0.0014509533,-1.1552176e-05,-0.0018720916
-0.37045494,-0.78504735,909.1953,0.00071651005,7.5594544e-06,-4.2851294e-05
-0.37045494,-0.78504735,909.20325,0.0011911119,-4.8797963e-05,-0.0009768344
-0.37045494,-0.78504735,909.168,0.0012932189,0.00040675022,-0.00072276324
-0.37045494,-0.78504735,909.1211,0.0012873327,-9.732202e-05,-0.0012813717
-0.37045494,-0.78504735,909.05096,0.00093182724,0.00015028067,-0.00031312826
-0.37045494,-0.78504735,909.2114,0.0013759042,1.28642805e-05,-0.0007210467
-0.37045494,-0.78504735,909.1745,0.0008925328,-7.135451e-05,-0.00053864124
-0.37045494,-0.78504735,909.2005,0.0015526626,1.8337707e-06,-0.0011606084
-0.37045494,-0.78504735,909.14087,0.0019295124,-1.7708897e-05,-0.0011182572
-0.37045494,-0.78504735,909.1551,0.0024405248,-0.00021607478,-0.001457679
-0.37045494,-0.78504735,909.1615,0.0007339367,0.00034067067,-0.0008531901
-0.37045494,-0.78504735,909.26373,0.0026313227,-0.00037585085,-0.0018079286
-0.37045494,-0.78504735,909.23083,0.0021576423,1.4079333e-05,-0.0010931802
-0.37045494,-0.78504735,909.20807,0.0020286497,-6.425086e-05,-0.0008968377
-0.37045494,-0.78504735,909.2305,0.0012553033,0.00032606628,-9.164881e-05
-0.37045494,-0.78504735,909.15247,0.0020307177,-9.175246e-05,-0.00076873973
-0.37045494,-0.78504735,909.2217,0.0019110317,5.8102945e-05,-0.0007965538
-0.37045494,-0.78504735,909.2921,0.0019252965,-0.00023256964,-0.00046081727
-0.37045494,-0.78504735,909.2838,0.0026210882,-0.0002466819,-0.0016854366
-0.37045494,-0.78504735,909.2249,0.002495993,-0.0003198973,-0.0015485396
-0.37045494,-0.78504735,909.3278,0.0025323178,-0.00033803825,-0.0007533262
-0.37045494,-0.78504735,909.20917,0.0021836264,-0.00036538375,-0.0011445705
-0.37045494,-0.78504735,909.17523,0.0016176495,-0.00022135586,-0.0006484806
-0.37045494,-0.78504735,909.18146,0.0021017499,-9.565557e-05,-0.001326712
-0.37045494,-0.78504735,909.23206,0.0029401362,-0.00017891725,-0.0011617728
-0.37045494,-0.78504735,909.26935,0.003335546,-0.00044780373,-0.0010808758
-0.37045494,-0.78504735,909.2539,0.0023062027,-0.00036543127,-8.049681e-05
-0.37045494,-0.78504735,909.26764,0.0036738701,-0.000556052,-0.001719865
-0.37045494,-0.78504735,909.24603,0.0023444896,-0.00024218146,-0.00025847266
-0.37045494,-0.78504735,909.29443,0.0024254646,-0.00033489542,-0.00090573286
-0.37045494,-0.78504735,909.1691,0.0027248126,-0.00024201855,-0.0014961527
-0.37045494,-0.78504735,909.382,0.0035552976,-0.0009088994,-0.0014850127
-0.37045494,-0.78504735,909.30383,0.002706332,-0.00037589498,-0.00052095886
-0.37045494,-0.78504735,909.29626,0.0033885748,-0.00053855934,-0.0022490148
-0.37045494,-0.78504735,909.28424,0.0025581694,-9.734918e-05,-0.0012611324
-0.37045494,-0.78504735,909.16095,0.0023890072,-0.00018347878,6.176624e-05
-0.37045494,-0.78504735,909.28864,0.0030197592,-0.00062448875,-0.0017223859
-0.37045494,-0.78504735,909.2596,0.0019909195,-7.95069e-05,-0.0008038044
-0.37045494,-0.78504735,909.2618,0.0028682025,-0.0007413374,-0.0016107939
-0.37045494,-0.78504735,909.2348,0.0020808566,8.781295e-06,-0.0014033354
-0.37045494,-0.78504735,909.24945,0.0017706113,-0.0001953035,-0.00046974848
-0.37045494,-0.78504735,909.2637,0.0032832066,-0.0004450342,-0.0024373624
-0.37045494,-0.78504735,909.105,0.0019185353,-6.0110175e-05,-0.0011047763
-0.37045494,-0.78504735,909.1671,0.0026820714,-0.00010314953,-0.001538612
-0.37045494,-0.78504735,909.1886,0.002238803,-0.0005968887,-0.0014396125
-0.37045494,-0.78504735,909.186,0.0023144223,-9.2662056e-05,-0.0022333371
-0.37045494,-0.78504735,909.35675,0.0028024998,-0.0006236199,-0.0006896554
-0.37045494,-0.78504735,909.2278,0.0037148616,-0.00050015963,-0.0015388401
-0.37045494,-0.78504735,909.3693,0.0034248466,-0.0007300015,-0.001048104
-0.37045494,-0.78504735,909.29297,0.0042359764,-0.00064721494,-0.0020911342
-0.37045494,-0.78504735,909.4027,0.0036855896,-0.00079430424,-0.001193044
-0.37045494,-0.78504735,909.30164,0.0032973122,-0.00046328717,-0.0020733918
-0.37045494,-0.78504735,909.36145,0.0032082503,-0.00061714073,-0.0009278448
-0.37045494,-0.78504735,909.2503,0.002769728,-5.0647694e-05,-0.0003088067
-0.37045494,-0.78504735,909.3682,0.0031472405,-0.000377351,-0.0013247553
-0.37045494,-0.78504735,909.25287,0.0034748262,-0.00017495985,-0.0014495039
-0.37045494,-0.78504735,909.32275,0.0030209788,-0.0006028961,-0.0011044042
-0.37045494,-0.78504735,909.4122,0.004612481,-0.0007286642,-0.0024124414
-0.37045494,-0.78504735,909.33813,0.0036109248,-0.000356634,-0.00089771405
-0.37045494,-0.78504735,909.25464,0.00345502,-0.00044432827,-0.00088784646
-0.37045494,-0.78504735,909.32513,0.0041662967,-0.00045859665,-0.002051496
-0.37045494,-0.78504735,909.3559,0.0042510894,-0.00075244263,-0.0017383036
-0.37045494,-0.78504735,909.29474,0.00329071,-0.00039400876,-0.0013114065
-0.37045494,-0.78504735,909.33405,0.0034352404,-0.00045565743,-0.0013944522
-0.37045494,-0.78504735,909.26984,0.003204061,-0.00021186283,-0.0003001636
-0.37045494,-0.78504735,909.3801,0.0038227222,-0.000541261,-0.0023492507
-0.37045494,-0.78504735,909.4129,0.0039127655,-0.00084292673,-0.0015653456
-0.37045494,-0.78504735,909.5229,0.004122548,-0.00078017166,-0.0018054796
-0.37045494,-0.78504735,909.4705,0.0033198495,-0.00025899534,-0.00094549113
-0.37045494,-0.78504735,909.39044,0.0037635951,-0.00068485446,-0.0016151394
-0.37045494,-0.78504735,909.32355,0.0043183304,-0.00060680596,-0.0012080014
-0.37045494,-0.78504735,909.36743,0.0034978674,-0.00021988965,-0.0012786107
-0.37045494,-0.78504735,909.3095,0.0032117236,-0.00015504383,-0.0022156187
-0.37045494,-0.78504735,909.4413,0.003220712,-0.00038320228,-0.000917185
-0.37045494,-0.78504735,909.3603,0.0024427255,-8.1315906e-05,0.00032151543
-0.37045494,-0.78504735,909.3911,0.003693438,-0.00060941937,-0.0014648455
-0.37045494,-0.78504735,909.4552,0.0030191757,-0.00053428294,-0.00057160505
-0.37045494,-0.78504735,909.39014,0.0029842828,-0.0003797302,-0.0006726333
-0.37045494,-0.78504735,909.34924,0.004532885,-0.00068139256,-0.0016091133
-0.37045494,-0.78504735,909.31055,0.0035537067,-0.00042469735,-0.0013654258
-0.37045494,-0.78504735,909.4178,0.0039437874,-0.000684549,-0.0016182365
-0.37045494,-0.78504735,909.37476,0.003462285,-0.00039803406,-0.00096618664
-0.37045494,-0.78504735,909.39545,0.004156062,-0.00055634393,-0.0021527882
-0.37045494,-0.78504735,909.3573,0.003717619,-0.0007703698,-0.0015810232
-0.37045494,-0.78504735,909.24976,0.002732873,-0.0002572576,-0.0015645053
-0.37045494,-0.78504735,909.2217,0.0016150511,5.5095858e-05,-0.00017437045
-0.37045494,-0.78504735,909.35223,0.0032809793,-0.0003877095,-0.0027674087
-0.37045494,-0.78504735,909.27264,0.0037419593,-0.00034853592,-0.002508836
-0.37045494,-0.78504735,909.3524,0.0017272071,-0.00023070294,-0.0013279964
-0.37045494,-0.78504735,909.4068,0.00365706,-0.00031053668,-0.0009810239
-0.37045494,-0.78504735,909.32056,0.003434657,-0.00050973747,-0.0012092738
-0.37045494,-0.78504735,909.3079,0.0018976683,2.0595819e-05,-0.00070782995
-0.37045494,-0.78504735,909.34033,0.0028272113,-0.00041768193,-0.0004152849
-0.37045494,-0.78504735,909.27057,0.0030376299,-8.581296e-05,-0.00096810726
-0.37045494,-0.78504735,909.32007,0.00231596,6.120846e-05,-0.0017138149
-0.37045494,-0.78504735,909.29504,0.0029657758,-0.00015413424,-0.0014254714
-0.37045494,-0.78504735,909.3108,0.0016519591,4.8813563e-05,-0.0007325348
-0.37045494,-0.78504735,909.2962,0.0018659042,-0.00018550162,-0.00085178553
-0.37045494,-0.78504735,909.3083,0.0017416045,0.0002111657,-0.00052203925
-0.37045494,-0.78504735,909.3035,0.0021388435,8.5984684e-05,-0.0012282166
-0.37045494,-0.78504735,909.3134,0.0020475544,-5.559615e-05,-0.00093215436
-0.37045494,-0.78504735,909.24524,0.0012343833,0.00011887258,0.000121139536
-0.37045494,-0.78504735,909.25385,0.0015287466,0.000107713095,-0.00090130337
-0.37045494,-0.78504735,909.1989,0.0019050395,3.8930226e-05,-0.0008828767
-0.37045494,-0.78504735,909.2865,0.0019641665,-0.00015691732,-0.00093610375
-0.37045494,-0.78504735,909.2824,0.0021899634,-0.00017031345,0.00010906319
-0.37045494,-0.78504735,909.3035,0.0027114758,-0.00010484992,-0.00190137
-0.37045494,-0.78504735,909.25336,0.0019686474,-0.00029232784,-0.0012841567
-0.37045494,-0.78504735,909.30475,0.002087883,2.5194693e-05,-0.00072682067
-0.37045494,-0.78504735,909.3049,0.0027872806,-0.00015700556,-0.0016429173
-0.37045494,-0.78504735,909.2896,0.002453517,0.00013053775,-0.0012773382
-0.37045494,-0.78504735,909.4595,0.0039398368,-0.00044381915,-0.0017181844
-0.37045494,-0.78504735,909.292,0.0033155805,-0.0003501447,-0.0010686554
-0.37045494,-0.78504735,909.34186,0.002934409,-0.00041057152,-0.0015616962
-0.37045494,-0.78504735,909.31476,0.0017484718,-6.5177424e-05,-0.00077104464
-0.37045494,-0.78504735,909.34503,0.0018454615,-0.00024298244,-0.00068946334
-0.37045494,-0.78504735,909.3202,0.002487906,-0.00022391832,-0.00082040625
-0.37045494,-0.78504735,909.33496,0.002205209,-9.7715725e-05,-0.0005347998
-0.37045494,-0.78504735,909.3858,0.0028158631,-0.00026953712,-0.0018178681
-0.37045494,-0.78504735,909.3408,0.0019275766,-0.00039639135,-0.0010843329
-0.37045494,-0.78504735,909.4183,0.0036222201,-0.00034483644,-0.0020144507
-0.37045494,-0.78504735,909.4738,0.0038315782,-0.00042130335,-0.0020022544
-0.37045494,-0.78504735,909.41547,0.0029662265,-7.275963e-05,-0.00066103716
-0.37045494,-0.78504735,909.3478,0.0030601937,-0.00030476687,-0.0008499129
-0.37045494,-0.78504735,909.3005,0.0034320585,-0.00032312842,-0.0017359508
-0.37045494,-0.78504735,909.399,0.0033103044,-0.00030076873,-0.0012473274
-0.37045494,-0.78504735,909.3874,0.0034192787,-0.00050483656,-0.0011635134
-0.37045494,-0.78504735,909.39575,0.0032043527,-0.00020901527,-0.0011497084
-0.37045494,-0.78504735,909.35693,0.002774872,-0.00043450602,-0.00089817017
-0.37045494,-0.78504735,909.35504,0.002703389,-0.0004731026,-0.00078398525
-0.37045494,-0.78504735,909.3798,0.003129847,-0.00066594983,-0.0014116424
-0.37045494,-0.78504735,909.4053,0.0026169254,-0.00036877775,-0.0016912948
-0.37045494,-0.78504735,909.3076,0.0037263157,-0.00048548394,-0.0022144425
-0.37045494,-0.78504735,909.31287,0.0024559032,-0.000101309975,-0.0015768697
-0.37045494,-0.78504735,909.30286,0.0025754303,-0.00030088413,-0.0007884748
-0.37045494,-0.78504735,909.3804,0.0042398474,-0.00095188105,-0.0017906663
-0.37045494,-0.78504735,909.4786,0.004348875,-0.0005352264,-0.0027564128
-0.37045494,-0.78504735,909.36426,0.0032512832,-0.0004873235,-0.0009901712
-0.37045494,-0.78504735,909.37976,0.004156168,-0.0007356016,-0.0012445424
-0.37045494,-0.78504735,909.30255,0.0028565363,-0.00039158546,-0.0005713409
-0.37045494,-0.78504735,909.29517,0.004541847,-0.00078146136,-0.0021196804
-0.37045494,-0.78504735,909.36273,0.00458952,-0.000979936,-0.0018442776
-0.37045494,-0.78504735,909.3501,0.004556324,-0.00069408613,-0.0015642412
-0.37045494,-0.78504735,909.41016,0.0034709817,-0.0004977227,-0.0015800388
-0.37045494,-0.78504735,909.409,0.004440668,-0.000570239,-0.0018594991
-0.37045494,-0.78504735,909.3855,0.0038262752,-0.000469152,-0.0012344589
-0.37045494,-0.78504735,909.4441,0.004012884,-0.00057694555,-0.0024205802
-0.37045494,-0.78504735,909.40045,0.00418597,-0.000534215,-0.0014716639
-0.37045494,-0.78504735,909.3884,0.004378518,-0.000540908,-0.0017434894
-0.37045494,-0.78504735,909.4362,0.0032142159,-0.0004756549,-0.00040027956
-0.37045494,-0.78504735,909.3292,0.002934807,-0.0004183302,-0.00083514757
-0.37045494,-0.78504735,909.3485,0.0032682524,-0.00043544275,-0.0011685311
-0.37045494,-0.78504735,909.3634,0.0029218148,-0.00053097715,-0.00062543235
-0.37045494,-0.78504735,909.32416,0.0032755705,-0.00049405044,-0.0017704272
-0.37045494,-0.78504735,909.29706,0.002621698,-0.0001993729,-0.0013906348
-0.37045494,-0.78504735,909.2964,0.0019158839,0.00016000449,-0.00175607
-0.37045494,-0.78504735,909.2479,0.0017057835,-2.8277822e-05,-0.0012111225
-0.37045494,-0.78504735,909.2833,0.0023128844,-0.0001672249,-0.0014362272
-0.37045494,-0.78504735,909.2838,0.0031647931,-0.0005395911,-0.0015888019
-0.37045494,-0.78504735,909.28,0.0019419476,-3.1637886e-05,-0.0014265277
-0.37045494,-0.78504735,909.3028,0.0021193556,-0.0001002748,-5.337908e-05
-0.37045494,-0.78504735,909.30005,0.0025026482,-0.00016800892,-0.001549572
-0.37045494,-0.78504735,909.1832,0.0022119174,-9.635473e-05,-0.001625295
-0.37045494,-0.78504735,909.2172,0.0020590618,0.00027617105,-0.0010045044
-0.37045494,-0.78504735,909.26245,0.0019377318,-0.00024250729,-0.00095085707
-0.37045494,-0.78504735,909.2125,0.002892755,-0.000112856374,-0.0024240855
-0.37045494,-0.78504735,909.3331,0.0020253619,-0.00011762155,-0.001477234
-0.37045494,-0.78504735,909.24615,0.0018173828,-0.00013229722,-0.001948115
-0.37045494,-0.78504735,909.29517,0.0028519758,-0.000201691,-0.002113078
-0.37045494,-0.78504735,909.2721,0.0012021683,6.274255e-05,-0.0008743056
-0.37045494,-0.78504735,909.28503,0.0023666555,-9.437263e-05,-0.001447031
-0.37045494,-0.78504735,909.3031,0.0023645344,-0.00013192388,-0.0015287325
-0.37045494,-0.78504735,909.23474,0.0016086877,0.00018932189,-0.0010717765
-0.37045494,-0.78504735,909.24493,0.0023935412,-5.463225e-05,-0.001533438
-0.37045494,-0.78504735,909.2131,0.0018230038,0.00019546504,-0.0019759408
-0.37045494,-0.78504735,909.2244,0.0013848263,0.0004825875,-0.001878994
-0.37045494,-0.78504735,909.27075,0.001594224,9.277269e-05,-0.00066122925
-0.37045494,-0.78504735,909.1644,0.0017824897,0.00020439125,-0.0016842361
-0.37045494,-0.78504735,909.2469,0.0011262045,0.00021835759,-0.0014593356
-0.37045494,-0.78504735,909.12494,0.0014967172,-2.3476402e-06,-0.0015013386
-0.37045494,-0.78504735,909.2015,0.001218236,0.00031913913,-0.0010121511
-0.37045494,-0.78504735,909.1945,0.0023908368,1.7571763e-05,-0.0017174641
-0.37045494,-0.78504735,909.27167,0.0013456114,0.00022646924,-0.0016040474
-0.37045494,-0.78504735,909.2011,0.001015467,0.00027114112,-0.0007757023
-0.37045494,-0.78504735,909.25854,0.0017374418,5.997983e-05,-0.0022821587
-0.37045494,-0.78504735,909.2565,0.0021829107,5.483113e-05,-0.0021071238
-0.37045494,-0.78504735,909.2299,0.0019492655,-0.00025905305,-0.0013002424
-0.37045494,-0.78504735,909.22437,0.0019184557,-0.00024189976,-0.001477474
-0.37045494,-0.78504735,909.20764,0.0011098981,-9.24109e-05,-0.0014813754
-0.37045494,-0.78504735,909.1853,0.0012220807,0.00021259795,-0.0010348632
-0.37045494,-0.78504735,909.25946,0.0019658103,0.0001411542,-0.00048380552
-0.37045494,-0.78504735,909.209,0.0024368393,0.0001566614,-0.0015356229
-0.37045494,-0.78504735,909.303,0.0024801374,-0.0003637682,-0.0016254392
-0.37045494,-0.78504735,909.31555,0.0021364838,-0.00038079591,-0.00063640426
-0.37045494,-0.78504735,909.33514,0.002328581,-0.00042116758,-0.0016428693
-0.37045494,-0.78504735,909.263,0.002967791,-0.00036369354,-0.0016903344
-0.37045494,-0.78504735,909.16724,0.0020154188,0.00012262634,-0.001491267
-0.37045494,-0.78504735,909.1949,0.0010708689,0.0004639748,-0.0013262918
-0.37045494,-0.78504735,909.2857,0.0022843282,-0.00039525775,-0.0019056676
-0.37045494,-0.78504735,909.3668,0.0028337603,-0.0001875991,-0.0016347785
-0.37045494,-0.78504735,909.2801,0.0030258575,-0.00027278857,-0.002182463
-0.37045494,-0.78504735,909.36145,0.0028861528,-9.336122e-05,-0.0017799346
-0.37045494,-0.78504735,909.243,0.0021895391,-8.718184e-06,-0.00083485944
-0.37045494,-0.78504735,909.32916,0.0016532583,3.3418364e-05,-0.0011730929
-0.37045494,-0.78504735,909.34033,0.0025862216,-0.00023030245,-0.002076993
-0.37045494,-0.78504735,909.28357,0.0022135612,0.00012823322,-0.0027435443
-0.37045494,-0.78504735,909.30133,0.0026937376,-0.00011127477,-0.0015154317
-0.37045494,-0.78504735,909.26385,0.0028264425,3.440941e-05,-0.002054161
-0.37045494,-0.78504735,909.3475,0.0025284202,-0.00046300207,-0.0018885494
-0.37045494,-0.78504735,909.3035,0.0018665935,-2.1221691e-05,-0.0010737932
-0.37045494,-0.78504735,909.2957,0.002410643,-0.00039486066,-0.001298802
-0.37045494,-0.78504735,909.32434,0.0019076379,-9.135646e-06,-0.0014779061
-0.37045494,-0.78504735,909.37775,0.0019091492,0.0001354353,-0.0015682506
-0.37045494,-0.78504735,909.39966,0.0034018585,-0.0001333222,-0.002063044
-0.37045494,-0.78504735,909.3607,0.002765353,-0.00015869239,-0.0014388202
-0.37045494,-0.78504735,909.3667,0.0024016812,-0.00017466795,-0.0019809587
-0.37045494,-0.78504735,909.3771,0.0023616177,-7.236592e-05,-0.0014347867
-0.37045494,-0.78504735,909.30066,0.0021618847,1.1574559e-05,-0.0024365222
-0.37045494,-0.78504735,909.2126,0.0018687147,0.00036184586,-0.0020272713
-0.37045494,-0.78504735,909.3159,0.0019916885,0.00025637043,-0.0013779583
-0.37045494,-0.78504735,909.3333,0.0012820563,4.3844742e-05,-0.0010331946
-0.37045494,-0.78504735,909.2775,0.0009592961,0.00046880785,-0.0017709553
-0.37045494,-0.78504735,909.3443,0.0020160552,-0.0001692647,-0.0013406969
-0.37045494,-0.78504735,909.1712,0.0012474816,0.00048696576,-0.0016783541
-0.37045494,-0.78504735,909.2942,0.0014081589,0.0001040272,-0.0012630291
-0.37045494,-0.78504735,909.31305,0.001306264,0.00016377184,-0.0012226226
-0.37045494,-0.78504735,909.2557,0.0017289041,0.00017986959,-0.0018636526
-0.37045494,-0.78504735,909.2807,0.00023205158,0.00051965343,-0.00075902825
-0.37045494,-0.78504735,909.24316,0.0012383473,0.000294648,-0.0019827832
-0.37045494,-0.78504735,909.4065,0.0033827417,-0.00081824214,0.0008449872
-0.37045494,-0.78504735,909.44904,0.0031339568,-0.00064280786,0.0007513896
-0.37045494,-0.78504735,909.41315,0.0027282063,-0.0006923688,0.0002587629
-0.37045494,-0.78504735,909.40283,0.0024929969,-0.0005279599,0.0013318459
-0.37045494,-0.78504735,909.39166,0.0026992261,-0.0005980902,0.0013889263
-0.37045494,-0.78504735,909.45044,0.0031471346,-0.00075384777,0.0011346991
-0.37045494,-0.78504735,909.47363,0.0029639727,-0.0007851065,0.00077902357
-0.37045494,-0.78504735,909.41,0.0022380606,-0.0005057173,0.0016442909
-0.37045494,-0.78504735,909.4854,0.0031291577,-0.0005774852,0.00046069935
-0.37045494,-0.78504735,909.4001,0.0025794338,-0.00059712963,0.0017381556
-0.37045494,-0.78504735,909.5102,0.0036213186,-0.0007721584,0.0007282153
-0.37045494,-0.78504735,909.4625,0.0032238672,-0.0008669868,0.0007643723
-0.37045494,-0.78504735,909.4465,0.0029135158,-0.0008652016,0.0017524046
-0.37045494,-0.78504735,909.53265,0.0032081706,-0.00069462747,0.0012481038
-0.37045494,-0.78504735,909.3876,0.0035603354,-0.0008815573,0.0013263478
-0.37045494,-0.78504735,909.51227,0.003456611,-0.0010400608,0.0008982323
-0.37045494,-0.78504735,909.4913,0.0035002537,-0.0009501162,0.00084430893
-0.37045494,-0.78504735,909.4865,0.0021769449,-0.000620606,0.001513681
-0.37045494,-0.78504735,909.4471,0.0026184102,-0.0004140266,0.0018031049
-0.37045494,-0.78504735,909.428,0.003113249,-0.00062985806,0.0010961053
-0.37045494,-0.78504735,909.42395,0.002911262,-0.0003628688,0.00086329377
-0.37045494,-0.78504735,909.457,0.0033081037,-0.00073692185,0.0010316542
-0.37045494,-0.78504735,909.5035,0.0026018918,-0.0008370891,0.0017195488
-0.37045494,-0.78504735,909.49176,0.002843332,-0.0007899837,0.0014217161
-0.37045494,-0.78504735,909.42175,0.003326531,-0.00077590195,0.0012113526
-0.37045494,-0.78504735,909.4055,0.0023072632,-0.0006064411,0.0014224573
-0.37045494,-0.78504735,909.4652,0.0035080488,-0.0011398749,0.0014241529
-0.37045494,-0.78504735,909.49115,0.0038573502,-0.0008854434,0.001011589
-0.37045494,-0.78504735,909.50415,0.0033129556,-0.00092646,0.0012781986
-0.37045494,-0.78504735,909.57605,0.0042790887,-0.0010983595,0.0012665543
-0.37045494,-0.78504735,909.5227,0.0032433553,-0.0007789464,0.001321126
-0.37045494,-0.78504735,909.54236,0.0033290766,-0.00088813144,0.0011491224
-0.37045494,-0.78504735,909.48,0.0039125,-0.0012121876,0.001053478
-0.37045494,-0.78504735,909.4805,0.004325675,-0.00095292984,0.00082112267
-0.37045494,-0.78504735,909.5194,0.0037565953,-0.0010219231,0.0010777328
-0.37045494,-0.78504735,909.4491,0.0036561056,-0.0010215668,0.00054208253
-0.37045494,-0.78504735,909.4179,0.004049845,-0.000985295,0.0009118512
-0.37045494,-0.78504735,909.4278,0.0032005876,-0.00071013975,0.0006974843
-0.37045494,-0.78504735,909.45825,0.003983082,-0.00075654936,0.0002313691
-0.37045494,-0.78504735,909.45825,0.0028581007,-0.00056479924,0.0017189997
-0.37045494,-0.78504735,909.4159,0.0035692176,-0.0007003532,0.0012741291
-0.37045494,-0.78504735,909.4907,0.0037553755,-0.0004975564,0.0007870784
-0.37045494,-0.78504735,909.4115,0.0035739108,-0.0010529273,0.001011571
-0.37045494,-0.78504735,909.47943,0.0033974573,-0.0010009313,0.0011382464
-0.37045494,-0.78504735,909.42914,0.0033765903,-0.0006575531,0.0010158685
-0.37045494,-0.78504735,909.52905,0.0036226974,-0.00075288047,0.0022222293
-0.37045494,-0.78504735,909.54395,0.0035952814,-0.0009613164,0.0006417543
-0.37045494,-0.78504735,909.52124,0.0036793852,-0.0009997026,0.0020887174
-0.37045494,-0.78504735,909.5127,0.0036328258,-0.0009251567,0.0016777439
-0.37045494,-0.78504735,909.53375,0.0048793755,-0.0014238172,0.0007447873
-0.37045494,-0.78504735,909.52234,0.0039543402,-0.0009367167,0.0010985421
-0.37045494,-0.78504735,909.51105,0.003906614,-0.0012854302,0.0014527772
-0.37045494,-0.78504735,909.40955,0.003756436,-0.0009744851,0.0010537842
-0.37045494,-0.78504735,909.5414,0.0041056313,-0.0009973709,0.00080442464
-0.37045494,-0.78504735,909.50476,0.0030763145,-0.0007814308,0.0012256857
-0.37045494,-0.78504735,909.583,0.0029768853,-0.0008383584,0.0004215353
-0.37045494,-0.78504735,909.4538,0.0034289828,-0.0006099081,0.0007420983
-0.37045494,-0.78504735,909.4873,0.0028022612,-0.00079759647,0.0014195553
-0.37045494,-0.78504735,909.5386,0.0028300749,-0.00075531733,0.0007842694
-0.37045494,-0.78504735,909.3695,0.0025922405,-0.0004689178,0.001128733
-0.37045494,-0.78504735,909.39014,0.0022935022,-0.0005330984,0.0016311192
-0.37045494,-0.78504735,909.418,0.002237928,-0.00040828565,0.0016907776
-0.37045494,-0.78504735,909.40393,0.0026213797,-0.00049969467,0.001042476
-0.37045494,-0.78504735,909.4761,0.0020565428,-0.0003686946,0.0010260106
-0.37045494,-0.78504735,909.3373,0.0017932281,-0.0001973365,0.00053826516
-0.37045494,-0.78504735,909.4578,0.0026021833,-0.00049336144,0.0011981764
-0.37045494,-0.78504735,909.3644,0.0017584676,-0.0006343746,0.002154447
-0.37045494,-0.78504735,909.4247,0.0031095105,-0.00074247445,0.0012588836
-0.37045494,-0.78504735,909.4487,0.003089545,-0.00066645216,0.00050806237
-0.37045494,-0.78504735,909.44586,0.002618702,-0.00047839046,0.00030209846
-0.37045494,-0.78504735,909.4369,0.0027528119,-0.00058615516,0.000858369
-0.37045494,-0.78504735,909.4007,0.002489497,-0.00021266381,0.00072883355
-0.37045494,-0.78504735,909.5008,0.0030464856,-0.000815734,0.00063574617
-0.37045494,-0.78504735,909.51227,0.0033186297,-0.00083274813,0.0008102707
-0.37045494,-0.78504735,909.4606,0.0030925411,-0.0004916882,0.00069606776
-0.37045494,-0.78504735,909.5113,0.0030488984,-0.0005489688,0.0009773287
-0.37045494,-0.78504735,909.3983,0.0029539503,-0.00094278174,0.001293282
-0.37045494,-0.78504735,909.50885,0.003463982,-0.0006397957,8.0276885e-05
-0.37045494,-0.78504735,909.5241,0.0023117443,-0.00035064953,0.0024292916
-0.37045494,-0.78504735,909.5351,0.003525575,-0.0005701439,0.00053514406
-0.37045494,-0.78504735,909.5359,0.002997275,-0.0005064555,0.0016264975
-0.37045494,-0.78504735,909.5252,0.0036876576,-0.0007760581,0.00032879005
-0.37045494,-0.78504735,909.5931,0.0036857487,-0.0007744969,0.0009605887
-0.37045494,-0.78504735,909.5358,0.0035190259,-0.00064472377,0.00059089204
-0.37045494,-0.78504735,909.55664,0.0036233866,-0.00073657226,0.0009807199
-0.37045494,-0.78504735,909.5242,0.0027955796,-0.00045949096,0.0013270981
-0.37045494,-0.78504735,909.48566,0.0032164431,-0.0004565942,0.00092681457
-0.37045494,-0.78504735,909.5151,0.002968268,-0.0008129781,0.0010710463
-0.37045494,-0.78504735,909.557,0.0028669033,-0.000649903,0.0012271682
-0.37045494,-0.78504735,909.54504,0.0037657693,-0.00066975795,0.00073827495
-0.37045494,-0.78504735,909.47546,0.0034054911,-0.00046510805,0.0010750798
-0.37045494,-0.78504735,909.65466,0.0035361543,-0.0009885125,0.0012908512
-0.37045494,-0.78504735,909.5128,0.00349686,-0.00076429447,0.0010089901
-0.37045494,-0.78504735,909.5443,0.0030072178,-0.0005525528,0.0012519932
-0.37045494,-0.78504735,909.5411,0.0032184583,-0.00067489647,0.0008454614
-0.37045494,-0.78504735,909.53235,0.003724831,-0.00090706325,0.0007069257
-0.37045494,-0.78504735,909.5683,0.003228958,-0.000776781,0.000554447
-0.37045494,-0.78504735,909.5471,0.0028035075,-0.0004892971,0.0011519194
-0.37045494,-0.78504735,909.5755,0.0031275137,-0.0008732216,0.00045475122
-0.37045494,-0.78504735,909.5203,0.0031121885,-0.0005220391,0.0006711168
-0.37045494,-0.78504735,909.53394,0.0018293672,-0.00053556584,0.0006459558
-0.37045494,-0.78504735,909.4385,0.0020129795,-0.0003156319,0.0018185214
-0.37045494,-0.78504735,909.48914,0.0025610859,-0.00060483743,0.0005647827
-0.37045494,-0.78504735,909.4655,0.0024084158,-0.00039621827,0.00091179716
-0.37045494,-0.78504735,909.5177,0.0024605962,-0.00041497184,0.0015736035
-0.37045494,-0.78504735,909.5053,0.002668443,-0.00048252096,0.00020801471
-0.37045494,-0.78504735,909.49274,0.002629122,-0.00043351497,0.00037532471
-0.37045494,-0.78504735,909.37805,0.0025837559,-0.0006376303,0.0005675677
-0.37045494,-0.78504735,909.50616,0.0028924632,-0.00054970867,0.00085206976
-0.37045494,-0.78504735,909.4705,0.0020222066,-0.00022971019,0.0005119037
-0.37045494,-0.78504735,909.48016,0.0018175683,-0.00034959908,0.0013177288
-0.37045494,-0.78504735,909.48596,0.0018203259,-0.0004966451,0.00096672436
-0.37045494,-0.78504735,909.4638,0.0016191078,-0.00036794454,0.001494057
-0.37045494,-0.78504735,909.4808,0.0025926116,-0.00018943017,0.000454073
-0.37045494,-0.78504735,909.54315,0.0027715045,-0.0004981368,0.00070937455
-0.37045494,-0.78504735,909.4351,0.002640576,-0.00062866334,0.0006991949
-0.37045494,-0.78504735,909.5193,0.0029884987,-0.0008410431,0.00072053855
-0.37045494,-0.78504735,909.5276,0.0030305504,-0.0007105878,0.0010552907
-0.37045494,-0.78504735,909.5582,0.0028741683,-0.0006620366,0.0006484887
-0.37045494,-0.78504735,909.51904,0.0029812602,-0.00031105086,0.00086747727
-0.37045494,-0.78504735,909.5106,0.0032122275,-0.0007139546,0.001047722
-0.37045494,-0.78504735,909.52014,0.003305903,-0.00071309257,0.0010498287
-0.37045494,-0.78504735,909.3533,0.002005264,-0.00025864915,0.0014596886
-0.37045494,-0.78504735,909.5918,0.0039828694,-0.0008368142,-7.7447716e-05
-0.37045494,-0.78504735,909.519,0.0030760758,-0.0009482495,0.0011933822
-0.37045494,-0.78504735,909.5421,0.0027433727,-0.00047252903,0.0008792835
-0.37045494,-0.78504735,909.4626,0.0024918832,-0.00042262362,0.0012154401
-0.37045494,-0.78504735,909.51825,0.0035840923,-0.00080001977,0.00029431365
-0.37045494,-0.78504735,909.4555,0.003201065,-0.0008661553,0.00061598705
-0.37045494,-0.78504735,909.39886,0.002686128,-0.0005176998,0.0010624572
-0.37045494,-0.78504735,909.4628,0.003249109,-0.00043876038,0.0003248346
-0.37045494,-0.78504735,909.4938,0.0031184459,-0.00069198356,0.0012200677
-0.37045494,-0.78504735,909.4308,0.0028894937,-0.0006945681,0.00022674743
-0.37045494,-0.78504735,909.4448,0.0028785698,-0.00061341916,0.00086791546
-0.37045494,-0.78504735,909.52527,0.0033465761,-0.0007790448,0.00013657709
-0.37045494,-0.78504735,909.4645,0.0031273016,-0.000622191,0.0008489576
-0.37045494,-0.78504735,909.5814,0.004266574,-0.00087141263,0.00014375566
-0.37045494,-0.78504735,909.44434,0.0034837087,-0.00042917742,0.0009124454
-0.37045494,-0.78504735,909.5065,0.0041100592,-0.0008832713,0.0011452809
-0.37045494,-0.78504735,909.4797,0.004068246,-0.0010390866,0.00088155235
-0.37045494,-0.78504735,909.56976,0.004040989,-0.00094017514,0.00062827347
-0.37045494,-0.78504735,909.62146,0.004009649,-0.0009936036,0.0007993708
-0.37045494,-0.78504735,909.5673,0.0042229313,-0.0008900287,0.00054321095
-0.37045494,-0.78504735,909.58923,0.0049797064,-0.0009963154,-0.0005848098
-0.37045494,-0.78504735,909.6305,0.004629583,-0.00095150096,0.0010667308
-0.37045494,-0.78504735,909.47797,0.0041329414,-0.0009735009,0.00033750516
-0.37045494,-0.78504735,909.53564,0.004726069,-0.00090630975,0.00033529638
-0.37045494,-0.78504735,909.4995,0.0042062006,-0.00068179646,0.00060456496
-0.37045494,-0.78504735,909.5554,0.0041610203,-0.0007100651,0.00021291246
-0.37045494,-0.78504735,909.5683,0.0049448134,-0.00081027986,0.00033604063
-0.37045494,-0.78504735,909.56494,0.004515518,-0.0007232406,0.0002233322
-0.37045494,-0.78504735,909.5785,0.0048458613,-0.001080636,0.0007017278
-0.37045494,-0.78504735,909.5901,0.0045301276,-0.00091058627,0.001374179
-0.37045494,-0.78504735,909.5359,0.003810499,-0.0007426204,0.0010383466
-0.37045494,-0.78504735,909.48706,0.003425589,-0.0005133249,0.00030351497
-0.37045494,-0.78504735,909.56476,0.004102397,-0.00074696133,0.00050866255
-0.37045494,-0.78504735,909.54816,0.0036417877,-0.00088639715,0.00037447843
-0.37045494,-0.78504735,909.5511,0.00409248,-0.0008924894,0.0008782391
-0.37045494,-0.78504735,909.52716,0.003498424,-0.00047895388,0.0007763946
-0.37045494,-0.78504735,909.52856,0.003672783,-0.000877084,0.0013350929
-0.37045494,-0.78504735,909.5074,0.0042146323,-0.00079807837,0.0008823746
-0.37045494,-0.78504735,909.53906,0.0036134173,-0.0008753497,0.00096473616
-0.37045494,-0.78504735,909.51276,0.004185387,-0.0006712377,4.076471e-05
-0.37045494,-0.78504735,909.6129,0.0047478373,-0.0009845586,6.3140724e-05
-0.37045494,-0.78504735,909.51416,0.00411401,-0.0008801759,0.00047404214
